2025-09-12 18:00:45.689: [INFO] OnDoneLoading sync enabled: 0
2025-09-12 18:05:11.856: [INFO] OnDoneLoading sync enabled: 0
2025-09-12 18:09:42.346: [INFO] OnDoneLoading sync enabled: 0
2025-09-12 18:25:32.701: [INFO] OnDoneLoading sync enabled: 0
2025-09-12 19:00:55.307: [INFO] OnDoneLoading sync enabled: 0
2025-09-12 20:50:18.328: [INFO] OnDoneLoading sync enabled: 0
2025-09-12 20:56:11.751: [INFO] OnDoneLoading sync enabled: 0
2025-09-12 23:20:56.756: [INFO] OnDoneLoading sync enabled: 0
2025-09-12 23:22:19.367: [INFO] OnDoneLoading sync enabled: 0
2025-09-13 13:39:05.806: [INFO] OnDoneLoading sync enabled: 0
2025-09-13 13:40:35.316: [INFO] OnDoneLoading sync enabled: 0
2025-09-13 13:42:44.764: [INFO] OnDoneLoading sync enabled: 0
2025-09-13 13:45:58.034: [INFO] OnDoneLoading sync enabled: 0
2025-09-13 13:48:06.798: [INFO] OnDoneLoading sync enabled: 0
2025-09-13 14:33:11.600: [INFO] OnDoneLoading sync enabled: 0
2025-09-13 18:15:33.387: [INFO] OnDoneLoading sync enabled: 0
2025-09-14 13:55:37.023: [INFO] OnDoneLoading sync enabled: 0
2025-09-14 14:10:56.273: [INFO] OnDoneLoading sync enabled: 0
2025-09-14 14:15:06.982: [INFO] OnDoneLoading sync enabled: 0
2025-09-14 14:16:57.060: [INFO] OnDoneLoading sync enabled: 0
2025-09-14 14:20:23.629: [INFO] OnDoneLoading sync enabled: 0
2025-09-15 12:34:30.132: [INFO] OnDoneLoading sync enabled: 0
2025-09-15 12:51:34.970: [INFO] OnDoneLoading sync enabled: 0
2025-09-15 13:19:32.122: [INFO] OnDoneLoading sync enabled: 0
2025-09-15 13:22:22.442: [INFO] OnDoneLoading sync enabled: 0
2025-09-15 13:23:25.097: [INFO] OnDoneLoading sync enabled: 0
2025-09-15 13:24:40.202: [INFO] OnDoneLoading sync enabled: 0
2025-09-15 14:02:13.593: [INFO] OnDoneLoading sync enabled: 0
2025-09-15 14:19:24.767: [INFO] OnDoneLoading sync enabled: 0
2025-09-15 14:21:08.128: [INFO] OnDoneLoading sync enabled: 0
2025-09-15 14:34:26.491: [INFO] OnDoneLoading sync enabled: 0
2025-09-15 14:37:00.574: [INFO] OnDoneLoading sync enabled: 0
2025-09-15 14:39:16.384: [INFO] OnDoneLoading sync enabled: 0
2025-09-15 14:41:24.856: [INFO] OnDoneLoading sync enabled: 0
2025-09-15 14:45:07.794: [INFO] OnDoneLoading sync enabled: 0
2025-09-15 14:46:38.072: [INFO] OnDoneLoading sync enabled: 0
2025-09-15 14:47:18.772: [INFO] OnDoneLoading sync enabled: 0
2025-09-15 14:47:47.821: [INFO] OnDoneLoading sync enabled: 0
2025-09-15 14:48:37.458: [INFO] OnDoneLoading sync enabled: 0
2025-09-15 14:57:43.019: [INFO] OnDoneLoading sync enabled: 0
2025-09-15 15:00:38.749: [INFO] OnDoneLoading sync enabled: 0
2025-09-15 15:20:16.360: [INFO] OnDoneLoading sync enabled: 0
2025-09-15 15:22:58.891: [INFO] OnDoneLoading sync enabled: 0
2025-09-15 15:29:48.593: [INFO] OnDoneLoading sync enabled: 0
2025-09-15 15:31:32.986: [INFO] OnDoneLoading sync enabled: 0
2025-09-15 15:36:16.487: [INFO] OnDoneLoading sync enabled: 0
2025-09-15 15:37:39.252: [INFO] OnDoneLoading sync enabled: 0
2025-09-15 15:41:46.793: [INFO] OnDoneLoading sync enabled: 0
2025-09-15 15:43:53.260: [INFO] OnDoneLoading sync enabled: 0
2025-09-15 15:45:29.210: [INFO] OnDoneLoading sync enabled: 0
2025-09-15 16:18:45.680: [INFO] OnDoneLoading sync enabled: 0
2025-09-15 16:19:19.621: [INFO] OnDoneLoading sync enabled: 0
2025-09-15 16:19:58.271: [INFO] OnDoneLoading sync enabled: 0
2025-09-15 16:23:06.797: [INFO] OnDoneLoading sync enabled: 0
2025-09-15 16:24:58.606: [INFO] OnDoneLoading sync enabled: 0
2025-09-15 16:30:52.627: [INFO] OnDoneLoading sync enabled: 0
2025-09-15 16:34:37.558: [INFO] OnDoneLoading sync enabled: 0
2025-09-15 18:08:07.006: [INFO] OnDoneLoading sync enabled: 0
2025-09-15 20:58:57.473: [INFO] OnDoneLoading sync enabled: 0
2025-09-16 01:01:42.065: [INFO] OnDoneLoading sync enabled: 0
2025-09-16 01:14:07.343: [INFO] OnDoneLoading sync enabled: 0
2025-09-16 01:28:10.479: [INFO] OnDoneLoading sync enabled: 0
2025-09-16 01:28:51.872: [INFO] OnDoneLoading sync enabled: 0
2025-09-16 01:29:44.778: [INFO] OnDoneLoading sync enabled: 0
2025-09-16 01:33:54.289: [INFO] OnDoneLoading sync enabled: 0
2025-09-16 01:35:21.625: [INFO] OnDoneLoading sync enabled: 0
2025-09-16 01:35:58.895: [INFO] OnDoneLoading sync enabled: 0
2025-09-16 01:37:34.972: [INFO] OnDoneLoading sync enabled: 0
2025-09-16 01:41:18.792: [INFO] OnDoneLoading sync enabled: 0
2025-09-16 11:56:29.770: [INFO] OnDoneLoading sync enabled: 0
2025-09-16 12:01:42.802: [INFO] OnDoneLoading sync enabled: 0
2025-09-16 12:06:40.324: [INFO] OnDoneLoading sync enabled: 0
2025-09-16 12:16:11.890: [INFO] OnDoneLoading sync enabled: 0
2025-09-16 12:17:56.066: [INFO] OnDoneLoading sync enabled: 0
2025-09-16 12:34:12.733: [INFO] OnDoneLoading sync enabled: 0
2025-09-16 13:38:23.684: [INFO] OnDoneLoading sync enabled: 0
2025-09-16 13:41:53.411: [INFO] OnDoneLoading sync enabled: 0
2025-09-16 13:43:40.434: [INFO] OnDoneLoading sync enabled: 0
2025-09-16 15:01:29.384: [INFO] OnDoneLoading sync enabled: 0
2025-09-17 13:48:12.314: [INFO] OnDoneLoading sync enabled: 0
2025-09-17 17:28:58.257: [INFO] OnDoneLoading sync enabled: 0
2025-09-19 23:49:27.625: [INFO] OnDoneLoading sync enabled: 0
2025-09-19 23:49:44.709: [INFO] OnDoneLoading sync enabled: 0
2025-09-19 23:51:16.626: [INFO] OnDoneLoading sync enabled: 0
2025-12-21 20:05:49.527: [INFO] OnDoneLoading sync enabled: 0
2026-08-29 17:54:24.441: [INFO] CurrentProfilePath: C:\Users\Usuario\source\repos\SAPCrystalReports\bin\Debug\SAPCrystalReports.exe.WebView2\EBWebView\Default
2026-08-29 17:54:24.441: [INFO] Profiles total count: 1
2026-08-29 17:54:24.444: [INFO] Profile: name=Perfil 1 path=C:\Users\Usuario\source\repos\SAPCrystalReports\bin\Debug\SAPCrystalReports.exe.WebView2\EBWebView\Default lastActive=2025-09-19T23:52:37.673Z
2026-08-29 17:54:24.444: [INFO] LastUsedProfileDir: C:\Users\Usuario\source\repos\SAPCrystalReports\bin\Debug\SAPCrystalReports.exe.WebView2\EBWebView\Default
2026-08-29 17:54:24.444: [INFO] MostRecentlyActiveProfile: name=Perfil 1 path=C:\Users\Usuario\source\repos\SAPCrystalReports\bin\Debug\SAPCrystalReports.exe.WebView2\EBWebView\Default lastActive=2025-09-19T23:52:37.673Z
2026-08-29 17:54:24.444: [INFO] OnDoneLoading sync enabled: 0
2026-08-29 17:54:24.444: [INFO] BookmarkModelLoaded, ids_reassigned: 0
2026-08-29 17:54:24.444: [INFO] BookmarksLoadDropped droppedNodes=0
2026-08-29 17:54:24.444: [INFO] BookmarksSnapshot Startup total=0 bar=0 other=0 mobile=0 showBar=0 showBarNTP=1
2026-08-29 17:55:00.263: [INFO] BookmarksSnapshot Shutdown total=0 bar=0 other=0 mobile=0 showBar=0 showBarNTP=1
2026-08-29 18:05:26.875: [INFO] CurrentProfilePath: C:\Users\Usuario\source\repos\SAPCrystalReports\bin\Debug\SAPCrystalReports.exe.WebView2\EBWebView\Default
2026-08-29 18:05:26.875: [INFO] Profiles total count: 1
2026-08-29 18:05:26.875: [INFO] Profile: name=Perfil 1 path=C:\Users\Usuario\source\repos\SAPCrystalReports\bin\Debug\SAPCrystalReports.exe.WebView2\EBWebView\Default lastActive=2025-09-19T23:52:37.673Z
2026-08-29 18:05:26.875: [INFO] LastUsedProfileDir: C:\Users\Usuario\source\repos\SAPCrystalReports\bin\Debug\SAPCrystalReports.exe.WebView2\EBWebView\Default
2026-08-29 18:05:26.876: [INFO] MostRecentlyActiveProfile: name=Perfil 1 path=C:\Users\Usuario\source\repos\SAPCrystalReports\bin\Debug\SAPCrystalReports.exe.WebView2\EBWebView\Default lastActive=2025-09-19T23:52:37.673Z
2026-08-29 18:05:26.876: [INFO] OnDoneLoading sync enabled: 0
2026-08-29 18:05:26.876: [INFO] BookmarkModelLoaded, ids_reassigned: 0
2026-08-29 18:05:26.876: [INFO] BookmarksLoadDropped droppedNodes=0
2026-08-29 18:05:26.876: [INFO] BookmarksSnapshot Startup total=0 bar=0 other=0 mobile=0 showBar=0 showBarNTP=1
2026-08-29 18:06:23.448: [INFO] BookmarksSnapshot Shutdown total=0 bar=0 other=0 mobile=0 showBar=0 showBarNTP=1
2026-08-30 01:43:54.644: [INFO] CurrentProfilePath: C:\Users\Usuario\source\repos\SAPCrystalReports\bin\Debug\SAPCrystalReports.exe.WebView2\EBWebView\Default
2026-08-30 01:43:54.644: [INFO] Profiles total count: 1
2026-08-30 01:43:54.653: [INFO] Profile: name=Perfil 1 path=C:\Users\Usuario\source\repos\SAPCrystalReports\bin\Debug\SAPCrystalReports.exe.WebView2\EBWebView\Default lastActive=2025-09-19T23:52:37.673Z
2026-08-30 01:43:54.653: [INFO] LastUsedProfileDir: C:\Users\Usuario\source\repos\SAPCrystalReports\bin\Debug\SAPCrystalReports.exe.WebView2\EBWebView\Default
2026-08-30 01:43:54.653: [INFO] MostRecentlyActiveProfile: name=Perfil 1 path=C:\Users\Usuario\source\repos\SAPCrystalReports\bin\Debug\SAPCrystalReports.exe.WebView2\EBWebView\Default lastActive=2025-09-19T23:52:37.673Z
2026-08-30 01:43:54.653: [INFO] OnDoneLoading sync enabled: 0
2026-08-30 01:43:54.653: [INFO] BookmarkModelLoaded, ids_reassigned: 0
2026-08-30 01:43:54.653: [INFO] BookmarksLoadDropped droppedNodes=0
2026-08-30 01:43:54.653: [INFO] BookmarksSnapshot Startup total=0 bar=0 other=0 mobile=0 showBar=0 showBarNTP=1
2026-08-30 01:44:57.987: [INFO] BookmarksSnapshot Shutdown total=0 bar=0 other=0 mobile=0 showBar=0 showBarNTP=1
2026-08-30 01:47:00.624: [INFO] CurrentProfilePath: C:\Users\Usuario\source\repos\SAPCrystalReports\bin\Debug\SAPCrystalReports.exe.WebView2\EBWebView\Default
2026-08-30 01:47:00.624: [INFO] Profiles total count: 1
2026-08-30 01:47:00.624: [INFO] Profile: name=Perfil 1 path=C:\Users\Usuario\source\repos\SAPCrystalReports\bin\Debug\SAPCrystalReports.exe.WebView2\EBWebView\Default lastActive=2025-09-19T23:52:37.673Z
2026-08-30 01:47:00.624: [INFO] LastUsedProfileDir: C:\Users\Usuario\source\repos\SAPCrystalReports\bin\Debug\SAPCrystalReports.exe.WebView2\EBWebView\Default
2026-08-30 01:47:00.624: [INFO] MostRecentlyActiveProfile: name=Perfil 1 path=C:\Users\Usuario\source\repos\SAPCrystalReports\bin\Debug\SAPCrystalReports.exe.WebView2\EBWebView\Default lastActive=2025-09-19T23:52:37.673Z
2026-08-30 01:47:00.624: [INFO] OnDoneLoading sync enabled: 0
2026-08-30 01:47:00.624: [INFO] BookmarkModelLoaded, ids_reassigned: 0
2026-08-30 01:47:00.624: [INFO] BookmarksLoadDropped droppedNodes=0
2026-08-30 01:47:00.624: [INFO] BookmarksSnapshot Startup total=0 bar=0 other=0 mobile=0 showBar=0 showBarNTP=1
2026-08-30 01:47:47.939: [INFO] BookmarksSnapshot Shutdown total=0 bar=0 other=0 mobile=0 showBar=0 showBarNTP=1
2026-08-30 01:48:00.525: [INFO] CurrentProfilePath: C:\Users\Usuario\source\repos\SAPCrystalReports\bin\Debug\SAPCrystalReports.exe.WebView2\EBWebView\Default
2026-08-30 01:48:00.525: [INFO] Profiles total count: 1
2026-08-30 01:48:00.525: [INFO] Profile: name=Perfil 1 path=C:\Users\Usuario\source\repos\SAPCrystalReports\bin\Debug\SAPCrystalReports.exe.WebView2\EBWebView\Default lastActive=2025-09-19T23:52:37.673Z
2026-08-30 01:48:00.525: [INFO] LastUsedProfileDir: C:\Users\Usuario\source\repos\SAPCrystalReports\bin\Debug\SAPCrystalReports.exe.WebView2\EBWebView\Default
2026-08-30 01:48:00.525: [INFO] MostRecentlyActiveProfile: name=Perfil 1 path=C:\Users\Usuario\source\repos\SAPCrystalReports\bin\Debug\SAPCrystalReports.exe.WebView2\EBWebView\Default lastActive=2025-09-19T23:52:37.673Z
2026-08-30 01:48:00.525: [INFO] OnDoneLoading sync enabled: 0
2026-08-30 01:48:00.525: [INFO] BookmarkModelLoaded, ids_reassigned: 0
2026-08-30 01:48:00.525: [INFO] BookmarksLoadDropped droppedNodes=0
2026-08-30 01:48:00.525: [INFO] BookmarksSnapshot Startup total=0 bar=0 other=0 mobile=0 showBar=0 showBarNTP=1
2026-08-30 01:50:16.466: [INFO] BookmarksSnapshot Shutdown total=0 bar=0 other=0 mobile=0 showBar=0 showBarNTP=1
2026-08-30 14:46:01.891: [INFO] CurrentProfilePath: C:\Users\Usuario\source\repos\SAPCrystalReports\bin\Debug\SAPCrystalReports.exe.WebView2\EBWebView\Default
2026-08-30 14:46:01.891: [INFO] Profiles total count: 1
2026-08-30 14:46:01.891: [INFO] Profile: name=Perfil 1 path=C:\Users\Usuario\source\repos\SAPCrystalReports\bin\Debug\SAPCrystalReports.exe.WebView2\EBWebView\Default lastActive=2025-09-19T23:52:37.673Z
2026-08-30 14:46:01.891: [INFO] LastUsedProfileDir: C:\Users\Usuario\source\repos\SAPCrystalReports\bin\Debug\SAPCrystalReports.exe.WebView2\EBWebView\Default
2026-08-30 14:46:01.891: [INFO] MostRecentlyActiveProfile: name=Perfil 1 path=C:\Users\Usuario\source\repos\SAPCrystalReports\bin\Debug\SAPCrystalReports.exe.WebView2\EBWebView\Default lastActive=2025-09-19T23:52:37.673Z
2026-08-30 14:46:01.891: [INFO] OnDoneLoading sync enabled: 0
2026-08-30 14:46:01.891: [INFO] BookmarkModelLoaded, ids_reassigned: 0
2026-08-30 14:46:01.891: [INFO] BookmarksLoadDropped droppedNodes=0
2026-08-30 14:46:01.891: [INFO] BookmarksSnapshot Startup total=0 bar=0 other=0 mobile=0 showBar=0 showBarNTP=1
2026-08-30 14:48:16.016: [INFO] BookmarksSnapshot Shutdown total=0 bar=0 other=0 mobile=0 showBar=0 showBarNTP=1
2026-08-30 14:49:24.731: [INFO] CurrentProfilePath: C:\Users\Usuario\source\repos\SAPCrystalReports\bin\Debug\SAPCrystalReports.exe.WebView2\EBWebView\Default
2026-08-30 14:49:24.731: [INFO] Profiles total count: 1
2026-08-30 14:49:24.731: [INFO] Profile: name=Perfil 1 path=C:\Users\Usuario\source\repos\SAPCrystalReports\bin\Debug\SAPCrystalReports.exe.WebView2\EBWebView\Default lastActive=2025-09-19T23:52:37.673Z
2026-08-30 14:49:24.731: [INFO] LastUsedProfileDir: C:\Users\Usuario\source\repos\SAPCrystalReports\bin\Debug\SAPCrystalReports.exe.WebView2\EBWebView\Default
2026-08-30 14:49:24.731: [INFO] MostRecentlyActiveProfile: name=Perfil 1 path=C:\Users\Usuario\source\repos\SAPCrystalReports\bin\Debug\SAPCrystalReports.exe.WebView2\EBWebView\Default lastActive=2025-09-19T23:52:37.673Z
2026-08-30 14:49:24.731: [INFO] OnDoneLoading sync enabled: 0
2026-08-30 14:49:24.731: [INFO] BookmarkModelLoaded, ids_reassigned: 0
2026-08-30 14:49:24.731: [INFO] BookmarksLoadDropped droppedNodes=0
2026-08-30 14:49:24.731: [INFO] BookmarksSnapshot Startup total=0 bar=0 other=0 mobile=0 showBar=0 showBarNTP=1
2026-08-30 14:53:36.325: [INFO] BookmarksSnapshot Shutdown total=0 bar=0 other=0 mobile=0 showBar=0 showBarNTP=1
2026-08-30 15:10:44.215: [INFO] CurrentProfilePath: C:\Users\Usuario\source\repos\SAPCrystalReports\bin\Debug\SAPCrystalReports.exe.WebView2\EBWebView\Default
2026-08-30 15:10:44.215: [INFO] Profiles total count: 1
2026-08-30 15:10:44.216: [INFO] Profile: name=Perfil 1 path=C:\Users\Usuario\source\repos\SAPCrystalReports\bin\Debug\SAPCrystalReports.exe.WebView2\EBWebView\Default lastActive=2025-09-19T23:52:37.673Z
2026-08-30 15:10:44.216: [INFO] LastUsedProfileDir: C:\Users\Usuario\source\repos\SAPCrystalReports\bin\Debug\SAPCrystalReports.exe.WebView2\EBWebView\Default
2026-08-30 15:10:44.216: [INFO] MostRecentlyActiveProfile: name=Perfil 1 path=C:\Users\Usuario\source\repos\SAPCrystalReports\bin\Debug\SAPCrystalReports.exe.WebView2\EBWebView\Default lastActive=2025-09-19T23:52:37.673Z
2026-08-30 15:10:44.216: [INFO] OnDoneLoading sync enabled: 0
2026-08-30 15:10:44.216: [INFO] BookmarkModelLoaded, ids_reassigned: 0
2026-08-30 15:10:44.216: [INFO] BookmarksLoadDropped droppedNodes=0
2026-08-30 15:10:44.216: [INFO] BookmarksSnapshot Startup total=0 bar=0 other=0 mobile=0 showBar=0 showBarNTP=1
2026-08-30 15:12:24.611: [INFO] BookmarksSnapshot Shutdown total=0 bar=0 other=0 mobile=0 showBar=0 showBarNTP=1
2026-08-30 15:15:43.611: [INFO] CurrentProfilePath: C:\Users\Usuario\source\repos\SAPCrystalReports\bin\Debug\SAPCrystalReports.exe.WebView2\EBWebView\Default
2026-08-30 15:15:43.611: [INFO] Profiles total count: 1
2026-08-30 15:15:43.611: [INFO] Profile: name=Perfil 1 path=C:\Users\Usuario\source\repos\SAPCrystalReports\bin\Debug\SAPCrystalReports.exe.WebView2\EBWebView\Default lastActive=2025-09-19T23:52:37.673Z
2026-08-30 15:15:43.611: [INFO] LastUsedProfileDir: C:\Users\Usuario\source\repos\SAPCrystalReports\bin\Debug\SAPCrystalReports.exe.WebView2\EBWebView\Default
2026-08-30 15:15:43.611: [INFO] MostRecentlyActiveProfile: name=Perfil 1 path=C:\Users\Usuario\source\repos\SAPCrystalReports\bin\Debug\SAPCrystalReports.exe.WebView2\EBWebView\Default lastActive=2025-09-19T23:52:37.673Z
2026-08-30 15:15:43.612: [INFO] OnDoneLoading sync enabled: 0
2026-08-30 15:15:43.612: [INFO] BookmarkModelLoaded, ids_reassigned: 0
2026-08-30 15:15:43.612: [INFO] BookmarksLoadDropped droppedNodes=0
2026-08-30 15:15:43.612: [INFO] BookmarksSnapshot Startup total=0 bar=0 other=0 mobile=0 showBar=0 showBarNTP=1
2026-08-30 15:17:49.057: [INFO] BookmarksSnapshot Shutdown total=0 bar=0 other=0 mobile=0 showBar=0 showBarNTP=1
2026-08-30 15:25:19.820: [INFO] CurrentProfilePath: C:\Users\Usuario\source\repos\SAPCrystalReports\bin\Debug\SAPCrystalReports.exe.WebView2\EBWebView\Default
2026-08-30 15:25:19.820: [INFO] Profiles total count: 1
2026-08-30 15:25:19.821: [INFO] Profile: name=Perfil 1 path=C:\Users\Usuario\source\repos\SAPCrystalReports\bin\Debug\SAPCrystalReports.exe.WebView2\EBWebView\Default lastActive=2025-09-19T23:52:37.673Z
2026-08-30 15:25:19.821: [INFO] LastUsedProfileDir: C:\Users\Usuario\source\repos\SAPCrystalReports\bin\Debug\SAPCrystalReports.exe.WebView2\EBWebView\Default
2026-08-30 15:25:19.821: [INFO] MostRecentlyActiveProfile: name=Perfil 1 path=C:\Users\Usuario\source\repos\SAPCrystalReports\bin\Debug\SAPCrystalReports.exe.WebView2\EBWebView\Default lastActive=2025-09-19T23:52:37.673Z
2026-08-30 15:25:19.821: [INFO] OnDoneLoading sync enabled: 0
2026-08-30 15:25:19.821: [INFO] BookmarkModelLoaded, ids_reassigned: 0
2026-08-30 15:25:19.821: [INFO] BookmarksLoadDropped droppedNodes=0
2026-08-30 15:25:19.821: [INFO] BookmarksSnapshot Startup total=0 bar=0 other=0 mobile=0 showBar=0 showBarNTP=1
2026-08-30 15:26:40.909: [INFO] BookmarksSnapshot Shutdown total=0 bar=0 other=0 mobile=0 showBar=0 showBarNTP=1
2026-08-30 16:31:01.036: [INFO] CurrentProfilePath: C:\Users\Usuario\source\repos\SAPCrystalReports\bin\Debug\SAPCrystalReports.exe.WebView2\EBWebView\Default
2026-08-30 16:31:01.036: [INFO] Profiles total count: 1
2026-08-30 16:31:01.039: [INFO] Profile: name=Perfil 1 path=C:\Users\Usuario\source\repos\SAPCrystalReports\bin\Debug\SAPCrystalReports.exe.WebView2\EBWebView\Default lastActive=2025-09-19T23:52:37.673Z
2026-08-30 16:31:01.039: [INFO] LastUsedProfileDir: C:\Users\Usuario\source\repos\SAPCrystalReports\bin\Debug\SAPCrystalReports.exe.WebView2\EBWebView\Default
2026-08-30 16:31:01.039: [INFO] MostRecentlyActiveProfile: name=Perfil 1 path=C:\Users\Usuario\source\repos\SAPCrystalReports\bin\Debug\SAPCrystalReports.exe.WebView2\EBWebView\Default lastActive=2025-09-19T23:52:37.673Z
2026-08-30 16:31:01.039: [INFO] OnDoneLoading sync enabled: 0
2026-08-30 16:31:01.039: [INFO] BookmarkModelLoaded, ids_reassigned: 0
2026-08-30 16:31:01.039: [INFO] BookmarksLoadDropped droppedNodes=0
2026-08-30 16:31:01.039: [INFO] BookmarksSnapshot Startup total=0 bar=0 other=0 mobile=0 showBar=0 showBarNTP=1
2026-08-30 16:32:44.800: [INFO] BookmarksSnapshot Shutdown total=0 bar=0 other=0 mobile=0 showBar=0 showBarNTP=1
2026-08-30 16:35:37.329: [INFO] CurrentProfilePath: C:\Users\Usuario\source\repos\SAPCrystalReports\bin\Debug\SAPCrystalReports.exe.WebView2\EBWebView\Default
2026-08-30 16:35:37.329: [INFO] Profiles total count: 1
2026-08-30 16:35:37.330: [INFO] Profile: name=Perfil 1 path=C:\Users\Usuario\source\repos\SAPCrystalReports\bin\Debug\SAPCrystalReports.exe.WebView2\EBWebView\Default lastActive=2025-09-19T23:52:37.673Z
2026-08-30 16:35:37.330: [INFO] LastUsedProfileDir: C:\Users\Usuario\source\repos\SAPCrystalReports\bin\Debug\SAPCrystalReports.exe.WebView2\EBWebView\Default
2026-08-30 16:35:37.330: [INFO] MostRecentlyActiveProfile: name=Perfil 1 path=C:\Users\Usuario\source\repos\SAPCrystalReports\bin\Debug\SAPCrystalReports.exe.WebView2\EBWebView\Default lastActive=2025-09-19T23:52:37.673Z
2026-08-30 16:35:37.330: [INFO] OnDoneLoading sync enabled: 0
2026-08-30 16:35:37.330: [INFO] BookmarkModelLoaded, ids_reassigned: 0
2026-08-30 16:35:37.330: [INFO] BookmarksLoadDropped droppedNodes=0
2026-08-30 16:35:37.330: [INFO] BookmarksSnapshot Startup total=0 bar=0 other=0 mobile=0 showBar=0 showBarNTP=1
2026-08-30 16:37:16.581: [INFO] BookmarksSnapshot Shutdown total=0 bar=0 other=0 mobile=0 showBar=0 showBarNTP=1
2026-08-30 16:37:56.652: [INFO] CurrentProfilePath: C:\Users\Usuario\source\repos\SAPCrystalReports\bin\Debug\SAPCrystalReports.exe.WebView2\EBWebView\Default
2026-08-30 16:37:56.652: [INFO] Profiles total count: 1
2026-08-30 16:37:56.661: [INFO] Profile: name=Perfil 1 path=C:\Users\Usuario\source\repos\SAPCrystalReports\bin\Debug\SAPCrystalReports.exe.WebView2\EBWebView\Default lastActive=2025-09-19T23:52:37.673Z
2026-08-30 16:37:56.661: [INFO] LastUsedProfileDir: C:\Users\Usuario\source\repos\SAPCrystalReports\bin\Debug\SAPCrystalReports.exe.WebView2\EBWebView\Default
2026-08-30 16:37:56.661: [INFO] MostRecentlyActiveProfile: name=Perfil 1 path=C:\Users\Usuario\source\repos\SAPCrystalReports\bin\Debug\SAPCrystalReports.exe.WebView2\EBWebView\Default lastActive=2025-09-19T23:52:37.673Z
2026-08-30 16:37:56.661: [INFO] OnDoneLoading sync enabled: 0
2026-08-30 16:37:56.661: [INFO] BookmarkModelLoaded, ids_reassigned: 0
2026-08-30 16:37:56.661: [INFO] BookmarksLoadDropped droppedNodes=0
2026-08-30 16:37:56.661: [INFO] BookmarksSnapshot Startup total=0 bar=0 other=0 mobile=0 showBar=0 showBarNTP=1
2026-08-30 16:43:40.616: [INFO] BookmarksSnapshot Shutdown total=0 bar=0 other=0 mobile=0 showBar=0 showBarNTP=1
2026-08-30 16:47:57.704: [INFO] CurrentProfilePath: C:\Users\Usuario\source\repos\SAPCrystalReports\bin\Debug\SAPCrystalReports.exe.WebView2\EBWebView\Default
2026-08-30 16:47:57.704: [INFO] Profiles total count: 1
2026-08-30 16:47:57.705: [INFO] Profile: name=Perfil 1 path=C:\Users\Usuario\source\repos\SAPCrystalReports\bin\Debug\SAPCrystalReports.exe.WebView2\EBWebView\Default lastActive=2025-09-19T23:52:37.673Z
2026-08-30 16:47:57.705: [INFO] LastUsedProfileDir: C:\Users\Usuario\source\repos\SAPCrystalReports\bin\Debug\SAPCrystalReports.exe.WebView2\EBWebView\Default
2026-08-30 16:47:57.705: [INFO] MostRecentlyActiveProfile: name=Perfil 1 path=C:\Users\Usuario\source\repos\SAPCrystalReports\bin\Debug\SAPCrystalReports.exe.WebView2\EBWebView\Default lastActive=2025-09-19T23:52:37.673Z
2026-08-30 16:47:57.705: [INFO] OnDoneLoading sync enabled: 0
2026-08-30 16:47:57.705: [INFO] BookmarkModelLoaded, ids_reassigned: 0
2026-08-30 16:47:57.705: [INFO] BookmarksLoadDropped droppedNodes=0
2026-08-30 16:47:57.705: [INFO] BookmarksSnapshot Startup total=0 bar=0 other=0 mobile=0 showBar=0 showBarNTP=1
2026-08-30 16:48:55.935: [INFO] BookmarksSnapshot Shutdown total=0 bar=0 other=0 mobile=0 showBar=0 showBarNTP=1
2026-08-30 19:18:59.746: [INFO] CurrentProfilePath: C:\Users\Usuario\source\repos\SAPCrystalReports\bin\Debug\SAPCrystalReports.exe.WebView2\EBWebView\Default
2026-08-30 19:18:59.746: [INFO] Profiles total count: 1
2026-08-30 19:18:59.746: [INFO] Profile: name=Perfil 1 path=C:\Users\Usuario\source\repos\SAPCrystalReports\bin\Debug\SAPCrystalReports.exe.WebView2\EBWebView\Default lastActive=2025-09-19T23:52:37.673Z
2026-08-30 19:18:59.746: [INFO] LastUsedProfileDir: C:\Users\Usuario\source\repos\SAPCrystalReports\bin\Debug\SAPCrystalReports.exe.WebView2\EBWebView\Default
2026-08-30 19:18:59.747: [INFO] MostRecentlyActiveProfile: name=Perfil 1 path=C:\Users\Usuario\source\repos\SAPCrystalReports\bin\Debug\SAPCrystalReports.exe.WebView2\EBWebView\Default lastActive=2025-09-19T23:52:37.673Z
2026-08-30 19:18:59.747: [INFO] OnDoneLoading sync enabled: 0
2026-08-30 19:18:59.747: [INFO] BookmarkModelLoaded, ids_reassigned: 0
2026-08-30 19:18:59.747: [INFO] BookmarksLoadDropped droppedNodes=0
2026-08-30 19:18:59.747: [INFO] BookmarksSnapshot Startup total=0 bar=0 other=0 mobile=0 showBar=0 showBarNTP=1
2026-08-30 19:21:23.615: [INFO] BookmarksSnapshot Shutdown total=0 bar=0 other=0 mobile=0 showBar=0 showBarNTP=1
2026-08-30 19:21:47.917: [INFO] CurrentProfilePath: C:\Users\Usuario\source\repos\SAPCrystalReports\bin\Debug\SAPCrystalReports.exe.WebView2\EBWebView\Default
2026-08-30 19:21:47.917: [INFO] Profiles total count: 1
2026-08-30 19:21:47.922: [INFO] Profile: name=Perfil 1 path=C:\Users\Usuario\source\repos\SAPCrystalReports\bin\Debug\SAPCrystalReports.exe.WebView2\EBWebView\Default lastActive=2025-09-19T23:52:37.673Z
2026-08-30 19:21:47.922: [INFO] LastUsedProfileDir: C:\Users\Usuario\source\repos\SAPCrystalReports\bin\Debug\SAPCrystalReports.exe.WebView2\EBWebView\Default
2026-08-30 19:21:47.922: [INFO] MostRecentlyActiveProfile: name=Perfil 1 path=C:\Users\Usuario\source\repos\SAPCrystalReports\bin\Debug\SAPCrystalReports.exe.WebView2\EBWebView\Default lastActive=2025-09-19T23:52:37.673Z
2026-08-30 19:21:47.922: [INFO] OnDoneLoading sync enabled: 0
2026-08-30 19:21:47.922: [INFO] BookmarkModelLoaded, ids_reassigned: 0
2026-08-30 19:21:47.922: [INFO] BookmarksLoadDropped droppedNodes=0
2026-08-30 19:21:47.922: [INFO] BookmarksSnapshot Startup total=0 bar=0 other=0 mobile=0 showBar=0 showBarNTP=1
2026-08-30 19:22:55.596: [INFO] BookmarksSnapshot Shutdown total=0 bar=0 other=0 mobile=0 showBar=0 showBarNTP=1
2026-08-30 19:30:17.981: [INFO] CurrentProfilePath: C:\Users\Usuario\source\repos\SAPCrystalReports\bin\Debug\SAPCrystalReports.exe.WebView2\EBWebView\Default
2026-08-30 19:30:17.981: [INFO] Profiles total count: 1
2026-08-30 19:30:17.982: [INFO] Profile: name=Perfil 1 path=C:\Users\Usuario\source\repos\SAPCrystalReports\bin\Debug\SAPCrystalReports.exe.WebView2\EBWebView\Default lastActive=2025-09-19T23:52:37.673Z
2026-08-30 19:30:17.982: [INFO] LastUsedProfileDir: C:\Users\Usuario\source\repos\SAPCrystalReports\bin\Debug\SAPCrystalReports.exe.WebView2\EBWebView\Default
2026-08-30 19:30:17.982: [INFO] MostRecentlyActiveProfile: name=Perfil 1 path=C:\Users\Usuario\source\repos\SAPCrystalReports\bin\Debug\SAPCrystalReports.exe.WebView2\EBWebView\Default lastActive=2025-09-19T23:52:37.673Z
2026-08-30 19:30:17.982: [INFO] OnDoneLoading sync enabled: 0
2026-08-30 19:30:17.982: [INFO] BookmarkModelLoaded, ids_reassigned: 0
2026-08-30 19:30:17.982: [INFO] BookmarksLoadDropped droppedNodes=0
2026-08-30 19:30:17.983: [INFO] BookmarksSnapshot Startup total=0 bar=0 other=0 mobile=0 showBar=0 showBarNTP=1
2026-08-30 19:32:53.936: [INFO] BookmarksSnapshot Shutdown total=0 bar=0 other=0 mobile=0 showBar=0 showBarNTP=1
2026-08-30 19:35:06.884: [INFO] CurrentProfilePath: C:\Users\Usuario\source\repos\SAPCrystalReports\bin\Debug\SAPCrystalReports.exe.WebView2\EBWebView\Default
2026-08-30 19:35:06.884: [INFO] Profiles total count: 1
2026-08-30 19:35:06.884: [INFO] Profile: name=Perfil 1 path=C:\Users\Usuario\source\repos\SAPCrystalReports\bin\Debug\SAPCrystalReports.exe.WebView2\EBWebView\Default lastActive=2025-09-19T23:52:37.673Z
2026-08-30 19:35:06.884: [INFO] LastUsedProfileDir: C:\Users\Usuario\source\repos\SAPCrystalReports\bin\Debug\SAPCrystalReports.exe.WebView2\EBWebView\Default
2026-08-30 19:35:06.884: [INFO] MostRecentlyActiveProfile: name=Perfil 1 path=C:\Users\Usuario\source\repos\SAPCrystalReports\bin\Debug\SAPCrystalReports.exe.WebView2\EBWebView\Default lastActive=2025-09-19T23:52:37.673Z
2026-08-30 19:35:06.884: [INFO] OnDoneLoading sync enabled: 0
2026-08-30 19:35:06.884: [INFO] BookmarkModelLoaded, ids_reassigned: 0
2026-08-30 19:35:06.884: [INFO] BookmarksLoadDropped droppedNodes=0
2026-08-30 19:35:06.884: [INFO] BookmarksSnapshot Startup total=0 bar=0 other=0 mobile=0 showBar=0 showBarNTP=1
2026-08-30 19:39:45.900: [INFO] BookmarksSnapshot Shutdown total=0 bar=0 other=0 mobile=0 showBar=0 showBarNTP=1
2026-08-31 13:51:04.102: [INFO] CurrentProfilePath: C:\Users\Usuario\source\repos\SAPCrystalReports\bin\Debug\SAPCrystalReports.exe.WebView2\EBWebView\Default
2026-08-31 13:51:04.102: [INFO] Profiles total count: 1
2026-08-31 13:51:04.104: [INFO] Profile: name=Perfil 1 path=C:\Users\Usuario\source\repos\SAPCrystalReports\bin\Debug\SAPCrystalReports.exe.WebView2\EBWebView\Default lastActive=2025-09-19T23:52:37.673Z
2026-08-31 13:51:04.104: [INFO] LastUsedProfileDir: C:\Users\Usuario\source\repos\SAPCrystalReports\bin\Debug\SAPCrystalReports.exe.WebView2\EBWebView\Default
2026-08-31 13:51:04.105: [INFO] MostRecentlyActiveProfile: name=Perfil 1 path=C:\Users\Usuario\source\repos\SAPCrystalReports\bin\Debug\SAPCrystalReports.exe.WebView2\EBWebView\Default lastActive=2025-09-19T23:52:37.673Z
2026-08-31 13:51:04.105: [INFO] OnDoneLoading sync enabled: 0
2026-08-31 13:51:04.105: [INFO] BookmarkModelLoaded, ids_reassigned: 0
2026-08-31 13:51:04.105: [INFO] BookmarksLoadDropped droppedNodes=0
2026-08-31 13:51:04.105: [INFO] BookmarksSnapshot Startup total=0 bar=0 other=0 mobile=0 showBar=0 showBarNTP=1
2026-08-31 13:52:51.882: [INFO] BookmarksSnapshot Shutdown total=0 bar=0 other=0 mobile=0 showBar=0 showBarNTP=1
2026-08-31 14:18:29.350: [INFO] CurrentProfilePath: C:\Users\Usuario\source\repos\SAPCrystalReports\bin\Debug\SAPCrystalReports.exe.WebView2\EBWebView\Default
2026-08-31 14:18:29.350: [INFO] Profiles total count: 1
2026-08-31 14:18:29.351: [INFO] Profile: name=Perfil 1 path=C:\Users\Usuario\source\repos\SAPCrystalReports\bin\Debug\SAPCrystalReports.exe.WebView2\EBWebView\Default lastActive=2025-09-19T23:52:37.673Z
2026-08-31 14:18:29.351: [INFO] LastUsedProfileDir: C:\Users\Usuario\source\repos\SAPCrystalReports\bin\Debug\SAPCrystalReports.exe.WebView2\EBWebView\Default
2026-08-31 14:18:29.351: [INFO] MostRecentlyActiveProfile: name=Perfil 1 path=C:\Users\Usuario\source\repos\SAPCrystalReports\bin\Debug\SAPCrystalReports.exe.WebView2\EBWebView\Default lastActive=2025-09-19T23:52:37.673Z
2026-08-31 14:18:29.351: [INFO] OnDoneLoading sync enabled: 0
2026-08-31 14:18:29.351: [INFO] BookmarkModelLoaded, ids_reassigned: 0
2026-08-31 14:18:29.351: [INFO] BookmarksLoadDropped droppedNodes=0
2026-08-31 14:18:29.351: [INFO] BookmarksSnapshot Startup total=0 bar=0 other=0 mobile=0 showBar=0 showBarNTP=1
2026-08-31 14:18:52.233: [INFO] BookmarksSnapshot Shutdown total=0 bar=0 other=0 mobile=0 showBar=0 showBarNTP=1
2026-08-31 14:19:12.972: [INFO] CurrentProfilePath: C:\Users\Usuario\source\repos\SAPCrystalReports\bin\Debug\SAPCrystalReports.exe.WebView2\EBWebView\Default
2026-08-31 14:19:12.972: [INFO] Profiles total count: 1
2026-08-31 14:19:13.033: [INFO] Profile: name=Perfil 1 path=C:\Users\Usuario\source\repos\SAPCrystalReports\bin\Debug\SAPCrystalReports.exe.WebView2\EBWebView\Default lastActive=2025-09-19T23:52:37.673Z
2026-08-31 14:19:13.033: [INFO] LastUsedProfileDir: C:\Users\Usuario\source\repos\SAPCrystalReports\bin\Debug\SAPCrystalReports.exe.WebView2\EBWebView\Default
2026-08-31 14:19:13.033: [INFO] MostRecentlyActiveProfile: name=Perfil 1 path=C:\Users\Usuario\source\repos\SAPCrystalReports\bin\Debug\SAPCrystalReports.exe.WebView2\EBWebView\Default lastActive=2025-09-19T23:52:37.673Z
2026-08-31 14:19:13.033: [INFO] OnDoneLoading sync enabled: 0
2026-08-31 14:19:13.033: [INFO] BookmarkModelLoaded, ids_reassigned: 0
2026-08-31 14:19:13.033: [INFO] BookmarksLoadDropped droppedNodes=0
2026-08-31 14:19:13.033: [INFO] BookmarksSnapshot Startup total=0 bar=0 other=0 mobile=0 showBar=0 showBarNTP=1
2026-08-31 14:19:50.977: [INFO] BookmarksSnapshot Shutdown total=0 bar=0 other=0 mobile=0 showBar=0 showBarNTP=1
2026-08-31 14:20:06.030: [INFO] CurrentProfilePath: C:\Users\Usuario\source\repos\SAPCrystalReports\bin\Debug\SAPCrystalReports.exe.WebView2\EBWebView\Default
2026-08-31 14:20:06.030: [INFO] Profiles total count: 1
2026-08-31 14:20:06.033: [INFO] Profile: name=Perfil 1 path=C:\Users\Usuario\source\repos\SAPCrystalReports\bin\Debug\SAPCrystalReports.exe.WebView2\EBWebView\Default lastActive=2025-09-19T23:52:37.673Z
2026-08-31 14:20:06.033: [INFO] LastUsedProfileDir: C:\Users\Usuario\source\repos\SAPCrystalReports\bin\Debug\SAPCrystalReports.exe.WebView2\EBWebView\Default
2026-08-31 14:20:06.033: [INFO] MostRecentlyActiveProfile: name=Perfil 1 path=C:\Users\Usuario\source\repos\SAPCrystalReports\bin\Debug\SAPCrystalReports.exe.WebView2\EBWebView\Default lastActive=2025-09-19T23:52:37.673Z
2026-08-31 14:20:06.033: [INFO] OnDoneLoading sync enabled: 0
2026-08-31 14:20:06.033: [INFO] BookmarkModelLoaded, ids_reassigned: 0
2026-08-31 14:20:06.033: [INFO] BookmarksLoadDropped droppedNodes=0
2026-08-31 14:20:06.033: [INFO] BookmarksSnapshot Startup total=0 bar=0 other=0 mobile=0 showBar=0 showBarNTP=1
2026-08-31 14:20:26.929: [INFO] BookmarksSnapshot Shutdown total=0 bar=0 other=0 mobile=0 showBar=0 showBarNTP=1
2026-08-31 14:21:00.830: [INFO] CurrentProfilePath: C:\Users\Usuario\source\repos\SAPCrystalReports\bin\Debug\SAPCrystalReports.exe.WebView2\EBWebView\Default
2026-08-31 14:21:00.830: [INFO] Profiles total count: 1
2026-08-31 14:21:00.831: [INFO] Profile: name=Perfil 1 path=C:\Users\Usuario\source\repos\SAPCrystalReports\bin\Debug\SAPCrystalReports.exe.WebView2\EBWebView\Default lastActive=2025-09-19T23:52:37.673Z
2026-08-31 14:21:00.831: [INFO] LastUsedProfileDir: C:\Users\Usuario\source\repos\SAPCrystalReports\bin\Debug\SAPCrystalReports.exe.WebView2\EBWebView\Default
2026-08-31 14:21:00.831: [INFO] MostRecentlyActiveProfile: name=Perfil 1 path=C:\Users\Usuario\source\repos\SAPCrystalReports\bin\Debug\SAPCrystalReports.exe.WebView2\EBWebView\Default lastActive=2025-09-19T23:52:37.673Z
2026-08-31 14:21:00.831: [INFO] OnDoneLoading sync enabled: 0
2026-08-31 14:21:00.831: [INFO] BookmarkModelLoaded, ids_reassigned: 0
2026-08-31 14:21:00.831: [INFO] BookmarksLoadDropped droppedNodes=0
2026-08-31 14:21:00.831: [INFO] BookmarksSnapshot Startup total=0 bar=0 other=0 mobile=0 showBar=0 showBarNTP=1
2026-08-31 14:21:28.336: [INFO] BookmarksSnapshot Shutdown total=0 bar=0 other=0 mobile=0 showBar=0 showBarNTP=1
2026-08-31 14:23:09.032: [INFO] CurrentProfilePath: C:\Users\Usuario\source\repos\SAPCrystalReports\bin\Debug\SAPCrystalReports.exe.WebView2\EBWebView\Default
2026-08-31 14:23:09.032: [INFO] Profiles total count: 1
2026-08-31 14:23:09.033: [INFO] Profile: name=Perfil 1 path=C:\Users\Usuario\source\repos\SAPCrystalReports\bin\Debug\SAPCrystalReports.exe.WebView2\EBWebView\Default lastActive=2025-09-19T23:52:37.673Z
2026-08-31 14:23:09.033: [INFO] LastUsedProfileDir: C:\Users\Usuario\source\repos\SAPCrystalReports\bin\Debug\SAPCrystalReports.exe.WebView2\EBWebView\Default
2026-08-31 14:23:09.033: [INFO] MostRecentlyActiveProfile: name=Perfil 1 path=C:\Users\Usuario\source\repos\SAPCrystalReports\bin\Debug\SAPCrystalReports.exe.WebView2\EBWebView\Default lastActive=2025-09-19T23:52:37.673Z
2026-08-31 14:23:09.033: [INFO] OnDoneLoading sync enabled: 0
2026-08-31 14:23:09.033: [INFO] BookmarkModelLoaded, ids_reassigned: 0
2026-08-31 14:23:09.033: [INFO] BookmarksLoadDropped droppedNodes=0
2026-08-31 14:23:09.033: [INFO] BookmarksSnapshot Startup total=0 bar=0 other=0 mobile=0 showBar=0 showBarNTP=1
2026-08-31 14:23:22.120: [INFO] BookmarksSnapshot Shutdown total=0 bar=0 other=0 mobile=0 showBar=0 showBarNTP=1
2026-08-31 14:23:58.209: [INFO] CurrentProfilePath: C:\Users\Usuario\source\repos\SAPCrystalReports\bin\Debug\SAPCrystalReports.exe.WebView2\EBWebView\Default
2026-08-31 14:23:58.209: [INFO] Profiles total count: 1
2026-08-31 14:23:58.209: [INFO] Profile: name=Perfil 1 path=C:\Users\Usuario\source\repos\SAPCrystalReports\bin\Debug\SAPCrystalReports.exe.WebView2\EBWebView\Default lastActive=2025-09-19T23:52:37.673Z
2026-08-31 14:23:58.209: [INFO] LastUsedProfileDir: C:\Users\Usuario\source\repos\SAPCrystalReports\bin\Debug\SAPCrystalReports.exe.WebView2\EBWebView\Default
2026-08-31 14:23:58.209: [INFO] MostRecentlyActiveProfile: name=Perfil 1 path=C:\Users\Usuario\source\repos\SAPCrystalReports\bin\Debug\SAPCrystalReports.exe.WebView2\EBWebView\Default lastActive=2025-09-19T23:52:37.673Z
2026-08-31 14:23:58.209: [INFO] OnDoneLoading sync enabled: 0
2026-08-31 14:23:58.210: [INFO] BookmarkModelLoaded, ids_reassigned: 0
2026-08-31 14:23:58.210: [INFO] BookmarksLoadDropped droppedNodes=0
2026-08-31 14:23:58.210: [INFO] BookmarksSnapshot Startup total=0 bar=0 other=0 mobile=0 showBar=0 showBarNTP=1
2026-08-31 14:24:23.966: [INFO] BookmarksSnapshot Shutdown total=0 bar=0 other=0 mobile=0 showBar=0 showBarNTP=1
2026-08-31 14:31:21.115: [INFO] CurrentProfilePath: C:\Users\Usuario\source\repos\SAPCrystalReports\bin\Debug\SAPCrystalReports.exe.WebView2\EBWebView\Default
2026-08-31 14:31:21.115: [INFO] Profiles total count: 1
2026-08-31 14:31:21.115: [INFO] Profile: name=Perfil 1 path=C:\Users\Usuario\source\repos\SAPCrystalReports\bin\Debug\SAPCrystalReports.exe.WebView2\EBWebView\Default lastActive=2025-09-19T23:52:37.673Z
2026-08-31 14:31:21.115: [INFO] LastUsedProfileDir: C:\Users\Usuario\source\repos\SAPCrystalReports\bin\Debug\SAPCrystalReports.exe.WebView2\EBWebView\Default
2026-08-31 14:31:21.115: [INFO] MostRecentlyActiveProfile: name=Perfil 1 path=C:\Users\Usuario\source\repos\SAPCrystalReports\bin\Debug\SAPCrystalReports.exe.WebView2\EBWebView\Default lastActive=2025-09-19T23:52:37.673Z
2026-08-31 14:31:21.115: [INFO] OnDoneLoading sync enabled: 0
2026-08-31 14:31:21.115: [INFO] BookmarkModelLoaded, ids_reassigned: 0
2026-08-31 14:31:21.115: [INFO] BookmarksLoadDropped droppedNodes=0
2026-08-31 14:31:21.115: [INFO] BookmarksSnapshot Startup total=0 bar=0 other=0 mobile=0 showBar=0 showBarNTP=1
2026-08-31 14:31:39.721: [INFO] BookmarksSnapshot Shutdown total=0 bar=0 other=0 mobile=0 showBar=0 showBarNTP=1
2026-08-31 14:31:54.471: [INFO] CurrentProfilePath: C:\Users\Usuario\source\repos\SAPCrystalReports\bin\Debug\SAPCrystalReports.exe.WebView2\EBWebView\Default
2026-08-31 14:31:54.471: [INFO] Profiles total count: 1
2026-08-31 14:31:54.471: [INFO] Profile: name=Perfil 1 path=C:\Users\Usuario\source\repos\SAPCrystalReports\bin\Debug\SAPCrystalReports.exe.WebView2\EBWebView\Default lastActive=2025-09-19T23:52:37.673Z
2026-08-31 14:31:54.471: [INFO] LastUsedProfileDir: C:\Users\Usuario\source\repos\SAPCrystalReports\bin\Debug\SAPCrystalReports.exe.WebView2\EBWebView\Default
2026-08-31 14:31:54.472: [INFO] MostRecentlyActiveProfile: name=Perfil 1 path=C:\Users\Usuario\source\repos\SAPCrystalReports\bin\Debug\SAPCrystalReports.exe.WebView2\EBWebView\Default lastActive=2025-09-19T23:52:37.673Z
2026-08-31 14:31:54.472: [INFO] OnDoneLoading sync enabled: 0
2026-08-31 14:31:54.472: [INFO] BookmarkModelLoaded, ids_reassigned: 0
2026-08-31 14:31:54.472: [INFO] BookmarksLoadDropped droppedNodes=0
2026-08-31 14:31:54.472: [INFO] BookmarksSnapshot Startup total=0 bar=0 other=0 mobile=0 showBar=0 showBarNTP=1
2026-08-31 14:32:49.738: [INFO] BookmarksSnapshot Shutdown total=0 bar=0 other=0 mobile=0 showBar=0 showBarNTP=1
2026-08-31 14:33:03.554: [INFO] CurrentProfilePath: C:\Users\Usuario\source\repos\SAPCrystalReports\bin\Debug\SAPCrystalReports.exe.WebView2\EBWebView\Default
2026-08-31 14:33:03.554: [INFO] Profiles total count: 1
2026-08-31 14:33:03.573: [INFO] Profile: name=Perfil 1 path=C:\Users\Usuario\source\repos\SAPCrystalReports\bin\Debug\SAPCrystalReports.exe.WebView2\EBWebView\Default lastActive=2025-09-19T23:52:37.673Z
2026-08-31 14:33:03.573: [INFO] LastUsedProfileDir: C:\Users\Usuario\source\repos\SAPCrystalReports\bin\Debug\SAPCrystalReports.exe.WebView2\EBWebView\Default
2026-08-31 14:33:03.573: [INFO] MostRecentlyActiveProfile: name=Perfil 1 path=C:\Users\Usuario\source\repos\SAPCrystalReports\bin\Debug\SAPCrystalReports.exe.WebView2\EBWebView\Default lastActive=2025-09-19T23:52:37.673Z
2026-08-31 14:33:03.573: [INFO] OnDoneLoading sync enabled: 0
2026-08-31 14:33:03.573: [INFO] BookmarkModelLoaded, ids_reassigned: 0
2026-08-31 14:33:03.573: [INFO] BookmarksLoadDropped droppedNodes=0
2026-08-31 14:33:03.573: [INFO] BookmarksSnapshot Startup total=0 bar=0 other=0 mobile=0 showBar=0 showBarNTP=1
2026-08-31 14:35:46.398: [INFO] BookmarksSnapshot Shutdown total=0 bar=0 other=0 mobile=0 showBar=0 showBarNTP=1
2026-08-31 14:36:57.406: [INFO] CurrentProfilePath: C:\Users\Usuario\source\repos\SAPCrystalReports\bin\Debug\SAPCrystalReports.exe.WebView2\EBWebView\Default
2026-08-31 14:36:57.406: [INFO] Profiles total count: 1
2026-08-31 14:36:57.407: [INFO] Profile: name=Perfil 1 path=C:\Users\Usuario\source\repos\SAPCrystalReports\bin\Debug\SAPCrystalReports.exe.WebView2\EBWebView\Default lastActive=2025-09-19T23:52:37.673Z
2026-08-31 14:36:57.407: [INFO] LastUsedProfileDir: C:\Users\Usuario\source\repos\SAPCrystalReports\bin\Debug\SAPCrystalReports.exe.WebView2\EBWebView\Default
2026-08-31 14:36:57.407: [INFO] MostRecentlyActiveProfile: name=Perfil 1 path=C:\Users\Usuario\source\repos\SAPCrystalReports\bin\Debug\SAPCrystalReports.exe.WebView2\EBWebView\Default lastActive=2025-09-19T23:52:37.673Z
2026-08-31 14:36:57.407: [INFO] OnDoneLoading sync enabled: 0
2026-08-31 14:36:57.407: [INFO] BookmarkModelLoaded, ids_reassigned: 0
2026-08-31 14:36:57.407: [INFO] BookmarksLoadDropped droppedNodes=0
2026-08-31 14:36:57.407: [INFO] BookmarksSnapshot Startup total=0 bar=0 other=0 mobile=0 showBar=0 showBarNTP=1
2026-08-31 14:37:21.007: [INFO] BookmarksSnapshot Shutdown total=0 bar=0 other=0 mobile=0 showBar=0 showBarNTP=1
2026-08-31 14:37:46.989: [INFO] CurrentProfilePath: C:\Users\Usuario\source\repos\SAPCrystalReports\bin\Debug\SAPCrystalReports.exe.WebView2\EBWebView\Default
2026-08-31 14:37:46.989: [INFO] Profiles total count: 1
2026-08-31 14:37:46.989: [INFO] Profile: name=Perfil 1 path=C:\Users\Usuario\source\repos\SAPCrystalReports\bin\Debug\SAPCrystalReports.exe.WebView2\EBWebView\Default lastActive=2025-09-19T23:52:37.673Z
2026-08-31 14:37:46.989: [INFO] LastUsedProfileDir: C:\Users\Usuario\source\repos\SAPCrystalReports\bin\Debug\SAPCrystalReports.exe.WebView2\EBWebView\Default
2026-08-31 14:37:46.989: [INFO] MostRecentlyActiveProfile: name=Perfil 1 path=C:\Users\Usuario\source\repos\SAPCrystalReports\bin\Debug\SAPCrystalReports.exe.WebView2\EBWebView\Default lastActive=2025-09-19T23:52:37.673Z
2026-08-31 14:37:46.989: [INFO] OnDoneLoading sync enabled: 0
2026-08-31 14:37:46.989: [INFO] BookmarkModelLoaded, ids_reassigned: 0
2026-08-31 14:37:46.989: [INFO] BookmarksLoadDropped droppedNodes=0
2026-08-31 14:37:46.989: [INFO] BookmarksSnapshot Startup total=0 bar=0 other=0 mobile=0 showBar=0 showBarNTP=1
2026-08-31 14:38:46.609: [INFO] BookmarksSnapshot Shutdown total=0 bar=0 other=0 mobile=0 showBar=0 showBarNTP=1
2026-08-31 14:39:52.476: [INFO] CurrentProfilePath: C:\Users\Usuario\source\repos\SAPCrystalReports\bin\Debug\SAPCrystalReports.exe.WebView2\EBWebView\Default
2026-08-31 14:39:52.476: [INFO] Profiles total count: 1
2026-08-31 14:39:52.477: [INFO] Profile: name=Perfil 1 path=C:\Users\Usuario\source\repos\SAPCrystalReports\bin\Debug\SAPCrystalReports.exe.WebView2\EBWebView\Default lastActive=2025-09-19T23:52:37.673Z
2026-08-31 14:39:52.477: [INFO] LastUsedProfileDir: C:\Users\Usuario\source\repos\SAPCrystalReports\bin\Debug\SAPCrystalReports.exe.WebView2\EBWebView\Default
2026-08-31 14:39:52.477: [INFO] MostRecentlyActiveProfile: name=Perfil 1 path=C:\Users\Usuario\source\repos\SAPCrystalReports\bin\Debug\SAPCrystalReports.exe.WebView2\EBWebView\Default lastActive=2025-09-19T23:52:37.673Z
2026-08-31 14:39:52.477: [INFO] OnDoneLoading sync enabled: 0
2026-08-31 14:39:52.477: [INFO] BookmarkModelLoaded, ids_reassigned: 0
2026-08-31 14:39:52.477: [INFO] BookmarksLoadDropped droppedNodes=0
2026-08-31 14:39:52.477: [INFO] BookmarksSnapshot Startup total=0 bar=0 other=0 mobile=0 showBar=0 showBarNTP=1
2026-08-31 14:40:15.609: [INFO] BookmarksSnapshot Shutdown total=0 bar=0 other=0 mobile=0 showBar=0 showBarNTP=1
2026-08-31 14:40:29.541: [INFO] CurrentProfilePath: C:\Users\Usuario\source\repos\SAPCrystalReports\bin\Debug\SAPCrystalReports.exe.WebView2\EBWebView\Default
2026-08-31 14:40:29.541: [INFO] Profiles total count: 1
2026-08-31 14:40:29.541: [INFO] Profile: name=Perfil 1 path=C:\Users\Usuario\source\repos\SAPCrystalReports\bin\Debug\SAPCrystalReports.exe.WebView2\EBWebView\Default lastActive=2025-09-19T23:52:37.673Z
2026-08-31 14:40:29.541: [INFO] LastUsedProfileDir: C:\Users\Usuario\source\repos\SAPCrystalReports\bin\Debug\SAPCrystalReports.exe.WebView2\EBWebView\Default
2026-08-31 14:40:29.541: [INFO] MostRecentlyActiveProfile: name=Perfil 1 path=C:\Users\Usuario\source\repos\SAPCrystalReports\bin\Debug\SAPCrystalReports.exe.WebView2\EBWebView\Default lastActive=2025-09-19T23:52:37.673Z
2026-08-31 14:40:29.541: [INFO] OnDoneLoading sync enabled: 0
2026-08-31 14:40:29.541: [INFO] BookmarkModelLoaded, ids_reassigned: 0
2026-08-31 14:40:29.541: [INFO] BookmarksLoadDropped droppedNodes=0
2026-08-31 14:40:29.541: [INFO] BookmarksSnapshot Startup total=0 bar=0 other=0 mobile=0 showBar=0 showBarNTP=1
2026-08-31 14:41:16.043: [INFO] BookmarksSnapshot Shutdown total=0 bar=0 other=0 mobile=0 showBar=0 showBarNTP=1
2026-08-31 14:42:58.932: [INFO] CurrentProfilePath: C:\Users\Usuario\source\repos\SAPCrystalReports\bin\Debug\SAPCrystalReports.exe.WebView2\EBWebView\Default
2026-08-31 14:42:58.932: [INFO] Profiles total count: 1
2026-08-31 14:42:58.932: [INFO] Profile: name=Perfil 1 path=C:\Users\Usuario\source\repos\SAPCrystalReports\bin\Debug\SAPCrystalReports.exe.WebView2\EBWebView\Default lastActive=2025-09-19T23:52:37.673Z
2026-08-31 14:42:58.932: [INFO] LastUsedProfileDir: C:\Users\Usuario\source\repos\SAPCrystalReports\bin\Debug\SAPCrystalReports.exe.WebView2\EBWebView\Default
2026-08-31 14:42:58.932: [INFO] MostRecentlyActiveProfile: name=Perfil 1 path=C:\Users\Usuario\source\repos\SAPCrystalReports\bin\Debug\SAPCrystalReports.exe.WebView2\EBWebView\Default lastActive=2025-09-19T23:52:37.673Z
2026-08-31 14:42:58.932: [INFO] OnDoneLoading sync enabled: 0
2026-08-31 14:42:58.932: [INFO] BookmarkModelLoaded, ids_reassigned: 0
2026-08-31 14:42:58.932: [INFO] BookmarksLoadDropped droppedNodes=0
2026-08-31 14:42:58.932: [INFO] BookmarksSnapshot Startup total=0 bar=0 other=0 mobile=0 showBar=0 showBarNTP=1
2026-08-31 14:43:25.779: [INFO] BookmarksSnapshot Shutdown total=0 bar=0 other=0 mobile=0 showBar=0 showBarNTP=1
2026-08-31 14:48:21.429: [INFO] CurrentProfilePath: C:\Users\Usuario\source\repos\SAPCrystalReports\bin\Debug\SAPCrystalReports.exe.WebView2\EBWebView\Default
2026-08-31 14:48:21.429: [INFO] Profiles total count: 1
2026-08-31 14:48:21.430: [INFO] Profile: name=Perfil 1 path=C:\Users\Usuario\source\repos\SAPCrystalReports\bin\Debug\SAPCrystalReports.exe.WebView2\EBWebView\Default lastActive=2025-09-19T23:52:37.673Z
2026-08-31 14:48:21.430: [INFO] LastUsedProfileDir: C:\Users\Usuario\source\repos\SAPCrystalReports\bin\Debug\SAPCrystalReports.exe.WebView2\EBWebView\Default
2026-08-31 14:48:21.430: [INFO] MostRecentlyActiveProfile: name=Perfil 1 path=C:\Users\Usuario\source\repos\SAPCrystalReports\bin\Debug\SAPCrystalReports.exe.WebView2\EBWebView\Default lastActive=2025-09-19T23:52:37.673Z
2026-08-31 14:48:21.430: [INFO] OnDoneLoading sync enabled: 0
2026-08-31 14:48:21.430: [INFO] BookmarkModelLoaded, ids_reassigned: 0
2026-08-31 14:48:21.430: [INFO] BookmarksLoadDropped droppedNodes=0
2026-08-31 14:48:21.430: [INFO] BookmarksSnapshot Startup total=0 bar=0 other=0 mobile=0 showBar=0 showBarNTP=1
2026-08-31 14:48:49.550: [INFO] BookmarksSnapshot Shutdown total=0 bar=0 other=0 mobile=0 showBar=0 showBarNTP=1
2026-08-31 14:50:57.518: [INFO] CurrentProfilePath: C:\Users\Usuario\source\repos\SAPCrystalReports\bin\Debug\SAPCrystalReports.exe.WebView2\EBWebView\Default
2026-08-31 14:50:57.518: [INFO] Profiles total count: 1
2026-08-31 14:50:57.518: [INFO] Profile: name=Perfil 1 path=C:\Users\Usuario\source\repos\SAPCrystalReports\bin\Debug\SAPCrystalReports.exe.WebView2\EBWebView\Default lastActive=2025-09-19T23:52:37.673Z
2026-08-31 14:50:57.518: [INFO] LastUsedProfileDir: C:\Users\Usuario\source\repos\SAPCrystalReports\bin\Debug\SAPCrystalReports.exe.WebView2\EBWebView\Default
2026-08-31 14:50:57.518: [INFO] MostRecentlyActiveProfile: name=Perfil 1 path=C:\Users\Usuario\source\repos\SAPCrystalReports\bin\Debug\SAPCrystalReports.exe.WebView2\EBWebView\Default lastActive=2025-09-19T23:52:37.673Z
2026-08-31 14:50:57.518: [INFO] OnDoneLoading sync enabled: 0
2026-08-31 14:50:57.518: [INFO] BookmarkModelLoaded, ids_reassigned: 0
2026-08-31 14:50:57.518: [INFO] BookmarksLoadDropped droppedNodes=0
2026-08-31 14:50:57.518: [INFO] BookmarksSnapshot Startup total=0 bar=0 other=0 mobile=0 showBar=0 showBarNTP=1
2026-08-31 14:51:38.394: [INFO] BookmarksSnapshot Shutdown total=0 bar=0 other=0 mobile=0 showBar=0 showBarNTP=1
2026-08-31 14:53:40.537: [INFO] CurrentProfilePath: C:\Users\Usuario\source\repos\SAPCrystalReports\bin\Debug\SAPCrystalReports.exe.WebView2\EBWebView\Default
2026-08-31 14:53:40.537: [INFO] Profiles total count: 1
2026-08-31 14:53:40.538: [INFO] Profile: name=Perfil 1 path=C:\Users\Usuario\source\repos\SAPCrystalReports\bin\Debug\SAPCrystalReports.exe.WebView2\EBWebView\Default lastActive=2025-09-19T23:52:37.673Z
2026-08-31 14:53:40.538: [INFO] LastUsedProfileDir: C:\Users\Usuario\source\repos\SAPCrystalReports\bin\Debug\SAPCrystalReports.exe.WebView2\EBWebView\Default
2026-08-31 14:53:40.538: [INFO] MostRecentlyActiveProfile: name=Perfil 1 path=C:\Users\Usuario\source\repos\SAPCrystalReports\bin\Debug\SAPCrystalReports.exe.WebView2\EBWebView\Default lastActive=2025-09-19T23:52:37.673Z
2026-08-31 14:53:40.538: [INFO] OnDoneLoading sync enabled: 0
2026-08-31 14:53:40.538: [INFO] BookmarkModelLoaded, ids_reassigned: 0
2026-08-31 14:53:40.538: [INFO] BookmarksLoadDropped droppedNodes=0
2026-08-31 14:53:40.538: [INFO] BookmarksSnapshot Startup total=0 bar=0 other=0 mobile=0 showBar=0 showBarNTP=1
2026-08-31 14:53:55.251: [INFO] BookmarksSnapshot Shutdown total=0 bar=0 other=0 mobile=0 showBar=0 showBarNTP=1
2026-08-31 14:55:00.763: [INFO] CurrentProfilePath: C:\Users\Usuario\source\repos\SAPCrystalReports\bin\Debug\SAPCrystalReports.exe.WebView2\EBWebView\Default
2026-08-31 14:55:00.763: [INFO] Profiles total count: 1
2026-08-31 14:55:00.764: [INFO] Profile: name=Perfil 1 path=C:\Users\Usuario\source\repos\SAPCrystalReports\bin\Debug\SAPCrystalReports.exe.WebView2\EBWebView\Default lastActive=2025-09-19T23:52:37.673Z
2026-08-31 14:55:00.764: [INFO] LastUsedProfileDir: C:\Users\Usuario\source\repos\SAPCrystalReports\bin\Debug\SAPCrystalReports.exe.WebView2\EBWebView\Default
2026-08-31 14:55:00.764: [INFO] MostRecentlyActiveProfile: name=Perfil 1 path=C:\Users\Usuario\source\repos\SAPCrystalReports\bin\Debug\SAPCrystalReports.exe.WebView2\EBWebView\Default lastActive=2025-09-19T23:52:37.673Z
2026-08-31 14:55:00.764: [INFO] OnDoneLoading sync enabled: 0
2026-08-31 14:55:00.764: [INFO] BookmarkModelLoaded, ids_reassigned: 0
2026-08-31 14:55:00.764: [INFO] BookmarksLoadDropped droppedNodes=0
2026-08-31 14:55:00.764: [INFO] BookmarksSnapshot Startup total=0 bar=0 other=0 mobile=0 showBar=0 showBarNTP=1
2026-08-31 14:55:26.809: [INFO] BookmarksSnapshot Shutdown total=0 bar=0 other=0 mobile=0 showBar=0 showBarNTP=1
2026-08-31 14:55:55.191: [INFO] CurrentProfilePath: C:\Users\Usuario\source\repos\SAPCrystalReports\bin\Debug\SAPCrystalReports.exe.WebView2\EBWebView\Default
2026-08-31 14:55:55.191: [INFO] Profiles total count: 1
2026-08-31 14:55:55.191: [INFO] Profile: name=Perfil 1 path=C:\Users\Usuario\source\repos\SAPCrystalReports\bin\Debug\SAPCrystalReports.exe.WebView2\EBWebView\Default lastActive=2025-09-19T23:52:37.673Z
2026-08-31 14:55:55.191: [INFO] LastUsedProfileDir: C:\Users\Usuario\source\repos\SAPCrystalReports\bin\Debug\SAPCrystalReports.exe.WebView2\EBWebView\Default
2026-08-31 14:55:55.191: [INFO] MostRecentlyActiveProfile: name=Perfil 1 path=C:\Users\Usuario\source\repos\SAPCrystalReports\bin\Debug\SAPCrystalReports.exe.WebView2\EBWebView\Default lastActive=2025-09-19T23:52:37.673Z
2026-08-31 14:55:55.191: [INFO] OnDoneLoading sync enabled: 0
2026-08-31 14:55:55.191: [INFO] BookmarkModelLoaded, ids_reassigned: 0
2026-08-31 14:55:55.191: [INFO] BookmarksLoadDropped droppedNodes=0
2026-08-31 14:55:55.191: [INFO] BookmarksSnapshot Startup total=0 bar=0 other=0 mobile=0 showBar=0 showBarNTP=1
2026-08-31 14:56:31.515: [INFO] BookmarksSnapshot Shutdown total=0 bar=0 other=0 mobile=0 showBar=0 showBarNTP=1
2026-08-31 14:56:50.785: [INFO] CurrentProfilePath: C:\Users\Usuario\source\repos\SAPCrystalReports\bin\Debug\SAPCrystalReports.exe.WebView2\EBWebView\Default
2026-08-31 14:56:50.785: [INFO] Profiles total count: 1
2026-08-31 14:56:50.785: [INFO] Profile: name=Perfil 1 path=C:\Users\Usuario\source\repos\SAPCrystalReports\bin\Debug\SAPCrystalReports.exe.WebView2\EBWebView\Default lastActive=2025-09-19T23:52:37.673Z
2026-08-31 14:56:50.785: [INFO] LastUsedProfileDir: C:\Users\Usuario\source\repos\SAPCrystalReports\bin\Debug\SAPCrystalReports.exe.WebView2\EBWebView\Default
2026-08-31 14:56:50.785: [INFO] MostRecentlyActiveProfile: name=Perfil 1 path=C:\Users\Usuario\source\repos\SAPCrystalReports\bin\Debug\SAPCrystalReports.exe.WebView2\EBWebView\Default lastActive=2025-09-19T23:52:37.673Z
2026-08-31 14:56:50.786: [INFO] OnDoneLoading sync enabled: 0
2026-08-31 14:56:50.786: [INFO] BookmarkModelLoaded, ids_reassigned: 0
2026-08-31 14:56:50.786: [INFO] BookmarksLoadDropped droppedNodes=0
2026-08-31 14:56:50.786: [INFO] BookmarksSnapshot Startup total=0 bar=0 other=0 mobile=0 showBar=0 showBarNTP=1
2026-08-31 14:57:17.388: [INFO] BookmarksSnapshot Shutdown total=0 bar=0 other=0 mobile=0 showBar=0 showBarNTP=1
2026-08-31 15:04:14.627: [INFO] CurrentProfilePath: C:\Users\Usuario\source\repos\SAPCrystalReports\bin\Debug\SAPCrystalReports.exe.WebView2\EBWebView\Default
2026-08-31 15:04:14.627: [INFO] Profiles total count: 1
2026-08-31 15:04:14.627: [INFO] Profile: name=Perfil 1 path=C:\Users\Usuario\source\repos\SAPCrystalReports\bin\Debug\SAPCrystalReports.exe.WebView2\EBWebView\Default lastActive=2025-09-19T23:52:37.673Z
2026-08-31 15:04:14.627: [INFO] LastUsedProfileDir: C:\Users\Usuario\source\repos\SAPCrystalReports\bin\Debug\SAPCrystalReports.exe.WebView2\EBWebView\Default
2026-08-31 15:04:14.627: [INFO] MostRecentlyActiveProfile: name=Perfil 1 path=C:\Users\Usuario\source\repos\SAPCrystalReports\bin\Debug\SAPCrystalReports.exe.WebView2\EBWebView\Default lastActive=2025-09-19T23:52:37.673Z
2026-08-31 15:04:14.627: [INFO] OnDoneLoading sync enabled: 0
2026-08-31 15:04:14.627: [INFO] BookmarkModelLoaded, ids_reassigned: 0
2026-08-31 15:04:14.627: [INFO] BookmarksLoadDropped droppedNodes=0
2026-08-31 15:04:14.627: [INFO] BookmarksSnapshot Startup total=0 bar=0 other=0 mobile=0 showBar=0 showBarNTP=1
2026-08-31 15:04:53.368: [INFO] BookmarksSnapshot Shutdown total=0 bar=0 other=0 mobile=0 showBar=0 showBarNTP=1
2026-08-31 15:06:20.998: [INFO] CurrentProfilePath: C:\Users\Usuario\source\repos\SAPCrystalReports\bin\Debug\SAPCrystalReports.exe.WebView2\EBWebView\Default
2026-08-31 15:06:20.998: [INFO] Profiles total count: 1
2026-08-31 15:06:20.999: [INFO] Profile: name=Perfil 1 path=C:\Users\Usuario\source\repos\SAPCrystalReports\bin\Debug\SAPCrystalReports.exe.WebView2\EBWebView\Default lastActive=2025-09-19T23:52:37.673Z
2026-08-31 15:06:20.999: [INFO] LastUsedProfileDir: C:\Users\Usuario\source\repos\SAPCrystalReports\bin\Debug\SAPCrystalReports.exe.WebView2\EBWebView\Default
2026-08-31 15:06:21.015: [INFO] MostRecentlyActiveProfile: name=Perfil 1 path=C:\Users\Usuario\source\repos\SAPCrystalReports\bin\Debug\SAPCrystalReports.exe.WebView2\EBWebView\Default lastActive=2025-09-19T23:52:37.673Z
2026-08-31 15:06:21.015: [INFO] OnDoneLoading sync enabled: 0
2026-08-31 15:06:21.015: [INFO] BookmarkModelLoaded, ids_reassigned: 0
2026-08-31 15:06:21.015: [INFO] BookmarksLoadDropped droppedNodes=0
2026-08-31 15:06:21.015: [INFO] BookmarksSnapshot Startup total=0 bar=0 other=0 mobile=0 showBar=0 showBarNTP=1
2026-08-31 15:07:22.014: [INFO] BookmarksSnapshot Shutdown total=0 bar=0 other=0 mobile=0 showBar=0 showBarNTP=1
2026-08-31 17:13:04.998: [INFO] CurrentProfilePath: C:\Users\Usuario\source\repos\SAPCrystalReports\bin\Debug\SAPCrystalReports.exe.WebView2\EBWebView\Default
2026-08-31 17:13:04.998: [INFO] Profiles total count: 1
2026-08-31 17:13:04.999: [INFO] Profile: name=Perfil 1 path=C:\Users\Usuario\source\repos\SAPCrystalReports\bin\Debug\SAPCrystalReports.exe.WebView2\EBWebView\Default lastActive=2026-08-31T15:06:47.360Z
2026-08-31 17:13:04.999: [INFO] LastUsedProfileDir: C:\Users\Usuario\source\repos\SAPCrystalReports\bin\Debug\SAPCrystalReports.exe.WebView2\EBWebView\Default
2026-08-31 17:13:04.999: [INFO] MostRecentlyActiveProfile: name=Perfil 1 path=C:\Users\Usuario\source\repos\SAPCrystalReports\bin\Debug\SAPCrystalReports.exe.WebView2\EBWebView\Default lastActive=2026-08-31T15:06:47.360Z
2026-08-31 17:13:04.999: [INFO] OnDoneLoading sync enabled: 0
2026-08-31 17:13:04.999: [INFO] BookmarkModelLoaded, ids_reassigned: 0
2026-08-31 17:13:04.999: [INFO] BookmarksLoadDropped droppedNodes=0
2026-08-31 17:13:04.999: [INFO] BookmarksSnapshot Startup total=0 bar=0 other=0 mobile=0 showBar=0 showBarNTP=1
2026-08-31 17:13:42.261: [INFO] BookmarksSnapshot Shutdown total=0 bar=0 other=0 mobile=0 showBar=0 showBarNTP=1
2026-08-31 17:37:34.599: [INFO] CurrentProfilePath: C:\Users\Usuario\source\repos\SAPCrystalReports\bin\Debug\SAPCrystalReports.exe.WebView2\EBWebView\Default
2026-08-31 17:37:34.599: [INFO] Profiles total count: 1
2026-08-31 17:37:34.600: [INFO] Profile: name=Perfil 1 path=C:\Users\Usuario\source\repos\SAPCrystalReports\bin\Debug\SAPCrystalReports.exe.WebView2\EBWebView\Default lastActive=2026-08-31T15:06:47.360Z
2026-08-31 17:37:34.600: [INFO] LastUsedProfileDir: C:\Users\Usuario\source\repos\SAPCrystalReports\bin\Debug\SAPCrystalReports.exe.WebView2\EBWebView\Default
2026-08-31 17:37:34.600: [INFO] MostRecentlyActiveProfile: name=Perfil 1 path=C:\Users\Usuario\source\repos\SAPCrystalReports\bin\Debug\SAPCrystalReports.exe.WebView2\EBWebView\Default lastActive=2026-08-31T15:06:47.360Z
2026-08-31 17:37:34.600: [INFO] OnDoneLoading sync enabled: 0
2026-08-31 17:37:34.600: [INFO] BookmarkModelLoaded, ids_reassigned: 0
2026-08-31 17:37:34.600: [INFO] BookmarksLoadDropped droppedNodes=0
2026-08-31 17:37:34.600: [INFO] BookmarksSnapshot Startup total=0 bar=0 other=0 mobile=0 showBar=0 showBarNTP=1
2026-08-31 17:38:00.625: [INFO] BookmarksSnapshot Shutdown total=0 bar=0 other=0 mobile=0 showBar=0 showBarNTP=1
2026-08-31 17:38:10.992: [INFO] CurrentProfilePath: C:\Users\Usuario\source\repos\SAPCrystalReports\bin\Debug\SAPCrystalReports.exe.WebView2\EBWebView\Default
2026-08-31 17:38:10.992: [INFO] Profiles total count: 1
2026-08-31 17:38:10.992: [INFO] Profile: name=Perfil 1 path=C:\Users\Usuario\source\repos\SAPCrystalReports\bin\Debug\SAPCrystalReports.exe.WebView2\EBWebView\Default lastActive=2026-08-31T15:06:47.360Z
2026-08-31 17:38:10.992: [INFO] LastUsedProfileDir: C:\Users\Usuario\source\repos\SAPCrystalReports\bin\Debug\SAPCrystalReports.exe.WebView2\EBWebView\Default
2026-08-31 17:38:10.992: [INFO] MostRecentlyActiveProfile: name=Perfil 1 path=C:\Users\Usuario\source\repos\SAPCrystalReports\bin\Debug\SAPCrystalReports.exe.WebView2\EBWebView\Default lastActive=2026-08-31T15:06:47.360Z
2026-08-31 17:38:10.992: [INFO] OnDoneLoading sync enabled: 0
2026-08-31 17:38:10.992: [INFO] BookmarkModelLoaded, ids_reassigned: 0
2026-08-31 17:38:10.992: [INFO] BookmarksLoadDropped droppedNodes=0
2026-08-31 17:38:10.992: [INFO] BookmarksSnapshot Startup total=0 bar=0 other=0 mobile=0 showBar=0 showBarNTP=1
2026-08-31 17:38:20.913: [INFO] BookmarksSnapshot Shutdown total=0 bar=0 other=0 mobile=0 showBar=0 showBarNTP=1
2026-08-31 17:39:32.210: [INFO] CurrentProfilePath: C:\Users\Usuario\source\repos\SAPCrystalReports\bin\Debug\SAPCrystalReports.exe.WebView2\EBWebView\Default
2026-08-31 17:39:32.210: [INFO] Profiles total count: 1
2026-08-31 17:39:32.211: [INFO] Profile: name=Perfil 1 path=C:\Users\Usuario\source\repos\SAPCrystalReports\bin\Debug\SAPCrystalReports.exe.WebView2\EBWebView\Default lastActive=2026-08-31T15:06:47.360Z
2026-08-31 17:39:32.211: [INFO] LastUsedProfileDir: C:\Users\Usuario\source\repos\SAPCrystalReports\bin\Debug\SAPCrystalReports.exe.WebView2\EBWebView\Default
2026-08-31 17:39:32.211: [INFO] MostRecentlyActiveProfile: name=Perfil 1 path=C:\Users\Usuario\source\repos\SAPCrystalReports\bin\Debug\SAPCrystalReports.exe.WebView2\EBWebView\Default lastActive=2026-08-31T15:06:47.360Z
2026-08-31 17:39:32.211: [INFO] OnDoneLoading sync enabled: 0
2026-08-31 17:39:32.211: [INFO] BookmarkModelLoaded, ids_reassigned: 0
2026-08-31 17:39:32.211: [INFO] BookmarksLoadDropped droppedNodes=0
2026-08-31 17:39:32.211: [INFO] BookmarksSnapshot Startup total=0 bar=0 other=0 mobile=0 showBar=0 showBarNTP=1
2026-08-31 17:39:50.081: [INFO] BookmarksSnapshot Shutdown total=0 bar=0 other=0 mobile=0 showBar=0 showBarNTP=1
2026-08-31 17:40:15.161: [INFO] CurrentProfilePath: C:\Users\Usuario\source\repos\SAPCrystalReports\bin\Debug\SAPCrystalReports.exe.WebView2\EBWebView\Default
2026-08-31 17:40:15.161: [INFO] Profiles total count: 1
2026-08-31 17:40:15.161: [INFO] Profile: name=Perfil 1 path=C:\Users\Usuario\source\repos\SAPCrystalReports\bin\Debug\SAPCrystalReports.exe.WebView2\EBWebView\Default lastActive=2026-08-31T15:06:47.360Z
2026-08-31 17:40:15.161: [INFO] LastUsedProfileDir: C:\Users\Usuario\source\repos\SAPCrystalReports\bin\Debug\SAPCrystalReports.exe.WebView2\EBWebView\Default
2026-08-31 17:40:15.161: [INFO] MostRecentlyActiveProfile: name=Perfil 1 path=C:\Users\Usuario\source\repos\SAPCrystalReports\bin\Debug\SAPCrystalReports.exe.WebView2\EBWebView\Default lastActive=2026-08-31T15:06:47.360Z
2026-08-31 17:40:15.161: [INFO] OnDoneLoading sync enabled: 0
2026-08-31 17:40:15.161: [INFO] BookmarkModelLoaded, ids_reassigned: 0
2026-08-31 17:40:15.161: [INFO] BookmarksLoadDropped droppedNodes=0
2026-08-31 17:40:15.161: [INFO] BookmarksSnapshot Startup total=0 bar=0 other=0 mobile=0 showBar=0 showBarNTP=1
2026-08-31 17:43:47.840: [INFO] BookmarksSnapshot Shutdown total=0 bar=0 other=0 mobile=0 showBar=0 showBarNTP=1
2026-09-01 18:05:05.046: [INFO] CurrentProfilePath: C:\Users\Usuario\source\repos\SAPCrystalReports\bin\Debug\SAPCrystalReports.exe.WebView2\EBWebView\Default
2026-09-01 18:05:05.046: [INFO] Profiles total count: 1
2026-09-01 18:05:05.046: [INFO] Profile: name=Perfil 1 path=C:\Users\Usuario\source\repos\SAPCrystalReports\bin\Debug\SAPCrystalReports.exe.WebView2\EBWebView\Default lastActive=2026-08-31T15:06:47.360Z
2026-09-01 18:05:05.046: [INFO] LastUsedProfileDir: C:\Users\Usuario\source\repos\SAPCrystalReports\bin\Debug\SAPCrystalReports.exe.WebView2\EBWebView\Default
2026-09-01 18:05:05.047: [INFO] MostRecentlyActiveProfile: name=Perfil 1 path=C:\Users\Usuario\source\repos\SAPCrystalReports\bin\Debug\SAPCrystalReports.exe.WebView2\EBWebView\Default lastActive=2026-08-31T15:06:47.360Z
2026-09-01 18:05:05.047: [INFO] OnDoneLoading sync enabled: 0
2026-09-01 18:05:05.047: [INFO] BookmarkModelLoaded, ids_reassigned: 0
2026-09-01 18:05:05.047: [INFO] BookmarksLoadDropped droppedNodes=0
2026-09-01 18:05:05.047: [INFO] BookmarksSnapshot Startup total=0 bar=0 other=0 mobile=0 showBar=0 showBarNTP=1
2026-09-01 18:05:38.502: [INFO] BookmarksSnapshot Shutdown total=0 bar=0 other=0 mobile=0 showBar=0 showBarNTP=1
2026-09-01 18:05:50.948: [INFO] CurrentProfilePath: C:\Users\Usuario\source\repos\SAPCrystalReports\bin\Debug\SAPCrystalReports.exe.WebView2\EBWebView\Default
2026-09-01 18:05:50.948: [INFO] Profiles total count: 1
2026-09-01 18:05:50.950: [INFO] Profile: name=Perfil 1 path=C:\Users\Usuario\source\repos\SAPCrystalReports\bin\Debug\SAPCrystalReports.exe.WebView2\EBWebView\Default lastActive=2026-08-31T15:06:47.360Z
2026-09-01 18:05:50.950: [INFO] LastUsedProfileDir: C:\Users\Usuario\source\repos\SAPCrystalReports\bin\Debug\SAPCrystalReports.exe.WebView2\EBWebView\Default
2026-09-01 18:05:50.950: [INFO] MostRecentlyActiveProfile: name=Perfil 1 path=C:\Users\Usuario\source\repos\SAPCrystalReports\bin\Debug\SAPCrystalReports.exe.WebView2\EBWebView\Default lastActive=2026-08-31T15:06:47.360Z
2026-09-01 18:05:50.950: [INFO] OnDoneLoading sync enabled: 0
2026-09-01 18:05:50.950: [INFO] BookmarkModelLoaded, ids_reassigned: 0
2026-09-01 18:05:50.950: [INFO] BookmarksLoadDropped droppedNodes=0
2026-09-01 18:05:50.950: [INFO] BookmarksSnapshot Startup total=0 bar=0 other=0 mobile=0 showBar=0 showBarNTP=1
2026-09-01 18:07:11.451: [INFO] BookmarksSnapshot Shutdown total=0 bar=0 other=0 mobile=0 showBar=0 showBarNTP=1
2026-09-01 18:18:54.142: [INFO] CurrentProfilePath: C:\Users\Usuario\source\repos\SAPCrystalReports\bin\Debug\SAPCrystalReports.exe.WebView2\EBWebView\Default
2026-09-01 18:18:54.142: [INFO] Profiles total count: 1
2026-09-01 18:18:54.143: [INFO] Profile: name=Perfil 1 path=C:\Users\Usuario\source\repos\SAPCrystalReports\bin\Debug\SAPCrystalReports.exe.WebView2\EBWebView\Default lastActive=2026-08-31T15:06:47.360Z
2026-09-01 18:18:54.143: [INFO] LastUsedProfileDir: C:\Users\Usuario\source\repos\SAPCrystalReports\bin\Debug\SAPCrystalReports.exe.WebView2\EBWebView\Default
2026-09-01 18:18:54.143: [INFO] MostRecentlyActiveProfile: name=Perfil 1 path=C:\Users\Usuario\source\repos\SAPCrystalReports\bin\Debug\SAPCrystalReports.exe.WebView2\EBWebView\Default lastActive=2026-08-31T15:06:47.360Z
2026-09-01 18:18:54.143: [INFO] OnDoneLoading sync enabled: 0
2026-09-01 18:18:54.143: [INFO] BookmarkModelLoaded, ids_reassigned: 0
2026-09-01 18:18:54.143: [INFO] BookmarksLoadDropped droppedNodes=0
2026-09-01 18:18:54.143: [INFO] BookmarksSnapshot Startup total=0 bar=0 other=0 mobile=0 showBar=0 showBarNTP=1
2026-09-01 18:21:56.959: [INFO] BookmarksSnapshot Shutdown total=0 bar=0 other=0 mobile=0 showBar=0 showBarNTP=1
2026-09-01 18:39:06.000: [INFO] CurrentProfilePath: C:\Users\Usuario\source\repos\SAPCrystalReports\bin\Debug\SAPCrystalReports.exe.WebView2\EBWebView\Default
2026-09-01 18:39:06.000: [INFO] Profiles total count: 1
2026-09-01 18:39:06.000: [INFO] Profile: name=Perfil 1 path=C:\Users\Usuario\source\repos\SAPCrystalReports\bin\Debug\SAPCrystalReports.exe.WebView2\EBWebView\Default lastActive=2026-08-31T15:06:47.360Z
2026-09-01 18:39:06.000: [INFO] LastUsedProfileDir: C:\Users\Usuario\source\repos\SAPCrystalReports\bin\Debug\SAPCrystalReports.exe.WebView2\EBWebView\Default
2026-09-01 18:39:06.000: [INFO] MostRecentlyActiveProfile: name=Perfil 1 path=C:\Users\Usuario\source\repos\SAPCrystalReports\bin\Debug\SAPCrystalReports.exe.WebView2\EBWebView\Default lastActive=2026-08-31T15:06:47.360Z
2026-09-01 18:39:06.000: [INFO] OnDoneLoading sync enabled: 0
2026-09-01 18:39:06.000: [INFO] BookmarkModelLoaded, ids_reassigned: 0
2026-09-01 18:39:06.000: [INFO] BookmarksLoadDropped droppedNodes=0
2026-09-01 18:39:06.000: [INFO] BookmarksSnapshot Startup total=0 bar=0 other=0 mobile=0 showBar=0 showBarNTP=1
2026-09-01 18:40:14.126: [INFO] BookmarksSnapshot Shutdown total=0 bar=0 other=0 mobile=0 showBar=0 showBarNTP=1
2026-09-02 18:02:31.655: [INFO] CurrentProfilePath: C:\Users\Usuario\source\repos\SAPCrystalReports\bin\Debug\SAPCrystalReports.exe.WebView2\EBWebView\Default
2026-09-02 18:02:31.655: [INFO] Profiles total count: 1
2026-09-02 18:02:31.655: [INFO] Profile: name=Perfil 1 path=C:\Users\Usuario\source\repos\SAPCrystalReports\bin\Debug\SAPCrystalReports.exe.WebView2\EBWebView\Default lastActive=2026-08-31T15:06:47.360Z
2026-09-02 18:02:31.655: [INFO] LastUsedProfileDir: C:\Users\Usuario\source\repos\SAPCrystalReports\bin\Debug\SAPCrystalReports.exe.WebView2\EBWebView\Default
2026-09-02 18:02:31.655: [INFO] MostRecentlyActiveProfile: name=Perfil 1 path=C:\Users\Usuario\source\repos\SAPCrystalReports\bin\Debug\SAPCrystalReports.exe.WebView2\EBWebView\Default lastActive=2026-08-31T15:06:47.360Z
2026-09-02 18:02:31.655: [INFO] OnDoneLoading sync enabled: 0
2026-09-02 18:02:31.655: [INFO] BookmarkModelLoaded, ids_reassigned: 0
2026-09-02 18:02:31.655: [INFO] BookmarksLoadDropped droppedNodes=0
2026-09-02 18:02:31.655: [INFO] BookmarksSnapshot Startup total=0 bar=0 other=0 mobile=0 showBar=0 showBarNTP=1
2026-09-02 18:02:57.962: [INFO] BookmarksSnapshot Shutdown total=0 bar=0 other=0 mobile=0 showBar=0 showBarNTP=1
2026-09-02 18:05:05.702: [INFO] CurrentProfilePath: C:\Users\Usuario\source\repos\SAPCrystalReports\bin\Debug\SAPCrystalReports.exe.WebView2\EBWebView\Default
2026-09-02 18:05:05.702: [INFO] Profiles total count: 1
2026-09-02 18:05:05.702: [INFO] Profile: name=Perfil 1 path=C:\Users\Usuario\source\repos\SAPCrystalReports\bin\Debug\SAPCrystalReports.exe.WebView2\EBWebView\Default lastActive=2026-08-31T15:06:47.360Z
2026-09-02 18:05:05.702: [INFO] LastUsedProfileDir: C:\Users\Usuario\source\repos\SAPCrystalReports\bin\Debug\SAPCrystalReports.exe.WebView2\EBWebView\Default
2026-09-02 18:05:05.702: [INFO] MostRecentlyActiveProfile: name=Perfil 1 path=C:\Users\Usuario\source\repos\SAPCrystalReports\bin\Debug\SAPCrystalReports.exe.WebView2\EBWebView\Default lastActive=2026-08-31T15:06:47.360Z
2026-09-02 18:05:05.702: [INFO] OnDoneLoading sync enabled: 0
2026-09-02 18:05:05.702: [INFO] BookmarkModelLoaded, ids_reassigned: 0
2026-09-02 18:05:05.702: [INFO] BookmarksLoadDropped droppedNodes=0
2026-09-02 18:05:05.702: [INFO] BookmarksSnapshot Startup total=0 bar=0 other=0 mobile=0 showBar=0 showBarNTP=1
2026-09-02 18:05:25.292: [INFO] BookmarksSnapshot Shutdown total=0 bar=0 other=0 mobile=0 showBar=0 showBarNTP=1
2026-09-02 18:05:43.423: [INFO] CurrentProfilePath: C:\Users\Usuario\source\repos\SAPCrystalReports\bin\Debug\SAPCrystalReports.exe.WebView2\EBWebView\Default
2026-09-02 18:05:43.423: [INFO] Profiles total count: 1
2026-09-02 18:05:43.423: [INFO] Profile: name=Perfil 1 path=C:\Users\Usuario\source\repos\SAPCrystalReports\bin\Debug\SAPCrystalReports.exe.WebView2\EBWebView\Default lastActive=2026-08-31T15:06:47.360Z
2026-09-02 18:05:43.423: [INFO] LastUsedProfileDir: C:\Users\Usuario\source\repos\SAPCrystalReports\bin\Debug\SAPCrystalReports.exe.WebView2\EBWebView\Default
2026-09-02 18:05:43.423: [INFO] MostRecentlyActiveProfile: name=Perfil 1 path=C:\Users\Usuario\source\repos\SAPCrystalReports\bin\Debug\SAPCrystalReports.exe.WebView2\EBWebView\Default lastActive=2026-08-31T15:06:47.360Z
2026-09-02 18:05:43.423: [INFO] OnDoneLoading sync enabled: 0
2026-09-02 18:05:43.423: [INFO] BookmarkModelLoaded, ids_reassigned: 0
2026-09-02 18:05:43.423: [INFO] BookmarksLoadDropped droppedNodes=0
2026-09-02 18:05:43.424: [INFO] BookmarksSnapshot Startup total=0 bar=0 other=0 mobile=0 showBar=0 showBarNTP=1
2026-09-02 18:05:59.048: [INFO] BookmarksSnapshot Shutdown total=0 bar=0 other=0 mobile=0 showBar=0 showBarNTP=1
2026-09-02 18:06:53.396: [INFO] CurrentProfilePath: C:\Users\Usuario\source\repos\SAPCrystalReports\bin\Debug\SAPCrystalReports.exe.WebView2\EBWebView\Default
2026-09-02 18:06:53.397: [INFO] Profiles total count: 1
2026-09-02 18:06:53.397: [INFO] Profile: name=Perfil 1 path=C:\Users\Usuario\source\repos\SAPCrystalReports\bin\Debug\SAPCrystalReports.exe.WebView2\EBWebView\Default lastActive=2026-08-31T15:06:47.360Z
2026-09-02 18:06:53.397: [INFO] LastUsedProfileDir: C:\Users\Usuario\source\repos\SAPCrystalReports\bin\Debug\SAPCrystalReports.exe.WebView2\EBWebView\Default
2026-09-02 18:06:53.397: [INFO] MostRecentlyActiveProfile: name=Perfil 1 path=C:\Users\Usuario\source\repos\SAPCrystalReports\bin\Debug\SAPCrystalReports.exe.WebView2\EBWebView\Default lastActive=2026-08-31T15:06:47.360Z
2026-09-02 18:06:53.397: [INFO] OnDoneLoading sync enabled: 0
2026-09-02 18:06:53.397: [INFO] BookmarkModelLoaded, ids_reassigned: 0
2026-09-02 18:06:53.397: [INFO] BookmarksLoadDropped droppedNodes=0
2026-09-02 18:06:53.397: [INFO] BookmarksSnapshot Startup total=0 bar=0 other=0 mobile=0 showBar=0 showBarNTP=1
2026-09-02 18:07:19.489: [INFO] BookmarksSnapshot Shutdown total=0 bar=0 other=0 mobile=0 showBar=0 showBarNTP=1
2026-09-02 19:05:22.185: [INFO] CurrentProfilePath: C:\Users\Usuario\source\repos\SAPCrystalReports\bin\Debug\SAPCrystalReports.exe.WebView2\EBWebView\Default
2026-09-02 19:05:22.185: [INFO] Profiles total count: 1
2026-09-02 19:05:22.185: [INFO] Profile: name=Perfil 1 path=C:\Users\Usuario\source\repos\SAPCrystalReports\bin\Debug\SAPCrystalReports.exe.WebView2\EBWebView\Default lastActive=2026-08-31T15:06:47.360Z
2026-09-02 19:05:22.185: [INFO] LastUsedProfileDir: C:\Users\Usuario\source\repos\SAPCrystalReports\bin\Debug\SAPCrystalReports.exe.WebView2\EBWebView\Default
2026-09-02 19:05:22.185: [INFO] MostRecentlyActiveProfile: name=Perfil 1 path=C:\Users\Usuario\source\repos\SAPCrystalReports\bin\Debug\SAPCrystalReports.exe.WebView2\EBWebView\Default lastActive=2026-08-31T15:06:47.360Z
2026-09-02 19:05:22.185: [INFO] OnDoneLoading sync enabled: 0
2026-09-02 19:05:22.185: [INFO] BookmarkModelLoaded, ids_reassigned: 0
2026-09-02 19:05:22.185: [INFO] BookmarksLoadDropped droppedNodes=0
2026-09-02 19:05:22.185: [INFO] BookmarksSnapshot Startup total=0 bar=0 other=0 mobile=0 showBar=0 showBarNTP=1
2026-09-02 19:07:48.201: [INFO] BookmarksSnapshot Shutdown total=0 bar=0 other=0 mobile=0 showBar=0 showBarNTP=1
2026-09-02 19:08:08.868: [INFO] CurrentProfilePath: C:\Users\Usuario\source\repos\SAPCrystalReports\bin\Debug\SAPCrystalReports.exe.WebView2\EBWebView\Default
2026-09-02 19:08:08.868: [INFO] Profiles total count: 1
2026-09-02 19:08:08.868: [INFO] Profile: name=Perfil 1 path=C:\Users\Usuario\source\repos\SAPCrystalReports\bin\Debug\SAPCrystalReports.exe.WebView2\EBWebView\Default lastActive=2026-08-31T15:06:47.360Z
2026-09-02 19:08:08.868: [INFO] LastUsedProfileDir: C:\Users\Usuario\source\repos\SAPCrystalReports\bin\Debug\SAPCrystalReports.exe.WebView2\EBWebView\Default
2026-09-02 19:08:08.868: [INFO] MostRecentlyActiveProfile: name=Perfil 1 path=C:\Users\Usuario\source\repos\SAPCrystalReports\bin\Debug\SAPCrystalReports.exe.WebView2\EBWebView\Default lastActive=2026-08-31T15:06:47.360Z
2026-09-02 19:08:08.868: [INFO] OnDoneLoading sync enabled: 0
2026-09-02 19:08:08.868: [INFO] BookmarkModelLoaded, ids_reassigned: 0
2026-09-02 19:08:08.868: [INFO] BookmarksLoadDropped droppedNodes=0
2026-09-02 19:08:08.868: [INFO] BookmarksSnapshot Startup total=0 bar=0 other=0 mobile=0 showBar=0 showBarNTP=1
2026-09-02 19:09:59.766: [INFO] BookmarksSnapshot Shutdown total=0 bar=0 other=0 mobile=0 showBar=0 showBarNTP=1
2026-09-02 19:29:13.168: [INFO] CurrentProfilePath: C:\Users\Usuario\source\repos\SAPCrystalReports\bin\Debug\SAPCrystalReports.exe.WebView2\EBWebView\Default
2026-09-02 19:29:13.168: [INFO] Profiles total count: 1
2026-09-02 19:29:13.168: [INFO] Profile: name=Perfil 1 path=C:\Users\Usuario\source\repos\SAPCrystalReports\bin\Debug\SAPCrystalReports.exe.WebView2\EBWebView\Default lastActive=2026-08-31T15:06:47.360Z
2026-09-02 19:29:13.168: [INFO] LastUsedProfileDir: C:\Users\Usuario\source\repos\SAPCrystalReports\bin\Debug\SAPCrystalReports.exe.WebView2\EBWebView\Default
2026-09-02 19:29:13.168: [INFO] MostRecentlyActiveProfile: name=Perfil 1 path=C:\Users\Usuario\source\repos\SAPCrystalReports\bin\Debug\SAPCrystalReports.exe.WebView2\EBWebView\Default lastActive=2026-08-31T15:06:47.360Z
2026-09-02 19:29:13.169: [INFO] OnDoneLoading sync enabled: 0
2026-09-02 19:29:13.169: [INFO] BookmarkModelLoaded, ids_reassigned: 0
2026-09-02 19:29:13.169: [INFO] BookmarksLoadDropped droppedNodes=0
2026-09-02 19:29:13.169: [INFO] BookmarksSnapshot Startup total=0 bar=0 other=0 mobile=0 showBar=0 showBarNTP=1
2026-09-02 19:29:41.299: [INFO] BookmarksSnapshot Shutdown total=0 bar=0 other=0 mobile=0 showBar=0 showBarNTP=1
2026-09-02 19:35:30.527: [INFO] CurrentProfilePath: C:\Users\Usuario\source\repos\SAPCrystalReports\bin\Debug\SAPCrystalReports.exe.WebView2\EBWebView\Default
2026-09-02 19:35:30.527: [INFO] Profiles total count: 1
2026-09-02 19:35:30.527: [INFO] Profile: name=Perfil 1 path=C:\Users\Usuario\source\repos\SAPCrystalReports\bin\Debug\SAPCrystalReports.exe.WebView2\EBWebView\Default lastActive=2026-08-31T15:06:47.360Z
2026-09-02 19:35:30.527: [INFO] LastUsedProfileDir: C:\Users\Usuario\source\repos\SAPCrystalReports\bin\Debug\SAPCrystalReports.exe.WebView2\EBWebView\Default
2026-09-02 19:35:30.527: [INFO] MostRecentlyActiveProfile: name=Perfil 1 path=C:\Users\Usuario\source\repos\SAPCrystalReports\bin\Debug\SAPCrystalReports.exe.WebView2\EBWebView\Default lastActive=2026-08-31T15:06:47.360Z
2026-09-02 19:35:30.527: [INFO] OnDoneLoading sync enabled: 0
2026-09-02 19:35:30.527: [INFO] BookmarkModelLoaded, ids_reassigned: 0
2026-09-02 19:35:30.527: [INFO] BookmarksLoadDropped droppedNodes=0
2026-09-02 19:35:30.527: [INFO] BookmarksSnapshot Startup total=0 bar=0 other=0 mobile=0 showBar=0 showBarNTP=1
2026-09-02 19:36:21.485: [INFO] BookmarksSnapshot Shutdown total=0 bar=0 other=0 mobile=0 showBar=0 showBarNTP=1
2026-09-02 19:52:05.443: [INFO] CurrentProfilePath: C:\Users\Usuario\source\repos\SAPCrystalReports\bin\Debug\SAPCrystalReports.exe.WebView2\EBWebView\Default
2026-09-02 19:52:05.443: [INFO] Profiles total count: 1
2026-09-02 19:52:05.443: [INFO] Profile: name=Perfil 1 path=C:\Users\Usuario\source\repos\SAPCrystalReports\bin\Debug\SAPCrystalReports.exe.WebView2\EBWebView\Default lastActive=2026-08-31T15:06:47.360Z
2026-09-02 19:52:05.443: [INFO] LastUsedProfileDir: C:\Users\Usuario\source\repos\SAPCrystalReports\bin\Debug\SAPCrystalReports.exe.WebView2\EBWebView\Default
2026-09-02 19:52:05.443: [INFO] MostRecentlyActiveProfile: name=Perfil 1 path=C:\Users\Usuario\source\repos\SAPCrystalReports\bin\Debug\SAPCrystalReports.exe.WebView2\EBWebView\Default lastActive=2026-08-31T15:06:47.360Z
2026-09-02 19:52:05.443: [INFO] OnDoneLoading sync enabled: 0
2026-09-02 19:52:05.443: [INFO] BookmarkModelLoaded, ids_reassigned: 0
2026-09-02 19:52:05.443: [INFO] BookmarksLoadDropped droppedNodes=0
2026-09-02 19:52:05.443: [INFO] BookmarksSnapshot Startup total=0 bar=0 other=0 mobile=0 showBar=0 showBarNTP=1
2026-09-02 19:52:54.199: [INFO] BookmarksSnapshot Shutdown total=0 bar=0 other=0 mobile=0 showBar=0 showBarNTP=1
2026-09-02 19:54:06.236: [INFO] CurrentProfilePath: C:\Users\Usuario\source\repos\SAPCrystalReports\bin\Debug\SAPCrystalReports.exe.WebView2\EBWebView\Default
2026-09-02 19:54:06.236: [INFO] Profiles total count: 1
2026-09-02 19:54:06.236: [INFO] Profile: name=Perfil 1 path=C:\Users\Usuario\source\repos\SAPCrystalReports\bin\Debug\SAPCrystalReports.exe.WebView2\EBWebView\Default lastActive=2026-08-31T15:06:47.360Z
2026-09-02 19:54:06.236: [INFO] LastUsedProfileDir: C:\Users\Usuario\source\repos\SAPCrystalReports\bin\Debug\SAPCrystalReports.exe.WebView2\EBWebView\Default
2026-09-02 19:54:06.236: [INFO] MostRecentlyActiveProfile: name=Perfil 1 path=C:\Users\Usuario\source\repos\SAPCrystalReports\bin\Debug\SAPCrystalReports.exe.WebView2\EBWebView\Default lastActive=2026-08-31T15:06:47.360Z
2026-09-02 19:54:06.236: [INFO] OnDoneLoading sync enabled: 0
2026-09-02 19:54:06.236: [INFO] BookmarkModelLoaded, ids_reassigned: 0
2026-09-02 19:54:06.236: [INFO] BookmarksLoadDropped droppedNodes=0
2026-09-02 19:54:06.236: [INFO] BookmarksSnapshot Startup total=0 bar=0 other=0 mobile=0 showBar=0 showBarNTP=1
2026-09-02 19:54:49.556: [INFO] BookmarksSnapshot Shutdown total=0 bar=0 other=0 mobile=0 showBar=0 showBarNTP=1
2026-09-02 19:55:24.588: [INFO] CurrentProfilePath: C:\Users\Usuario\source\repos\SAPCrystalReports\bin\Debug\SAPCrystalReports.exe.WebView2\EBWebView\Default
2026-09-02 19:55:24.588: [INFO] Profiles total count: 1
2026-09-02 19:55:24.589: [INFO] Profile: name=Perfil 1 path=C:\Users\Usuario\source\repos\SAPCrystalReports\bin\Debug\SAPCrystalReports.exe.WebView2\EBWebView\Default lastActive=2026-08-31T15:06:47.360Z
2026-09-02 19:55:24.589: [INFO] LastUsedProfileDir: C:\Users\Usuario\source\repos\SAPCrystalReports\bin\Debug\SAPCrystalReports.exe.WebView2\EBWebView\Default
2026-09-02 19:55:24.589: [INFO] MostRecentlyActiveProfile: name=Perfil 1 path=C:\Users\Usuario\source\repos\SAPCrystalReports\bin\Debug\SAPCrystalReports.exe.WebView2\EBWebView\Default lastActive=2026-08-31T15:06:47.360Z
2026-09-02 19:55:24.589: [INFO] OnDoneLoading sync enabled: 0
2026-09-02 19:55:24.589: [INFO] BookmarkModelLoaded, ids_reassigned: 0
2026-09-02 19:55:24.589: [INFO] BookmarksLoadDropped droppedNodes=0
2026-09-02 19:55:24.589: [INFO] BookmarksSnapshot Startup total=0 bar=0 other=0 mobile=0 showBar=0 showBarNTP=1
2026-09-02 19:58:36.959: [INFO] BookmarksSnapshot Shutdown total=0 bar=0 other=0 mobile=0 showBar=0 showBarNTP=1
2026-09-03 14:40:42.500: [INFO] CurrentProfilePath: C:\Users\Usuario\source\repos\SAPCrystalReports\bin\Debug\SAPCrystalReports.exe.WebView2\EBWebView\Default
2026-09-03 14:40:42.500: [INFO] Profiles total count: 1
2026-09-03 14:40:42.500: [INFO] Profile: name=Perfil 1 path=C:\Users\Usuario\source\repos\SAPCrystalReports\bin\Debug\SAPCrystalReports.exe.WebView2\EBWebView\Default lastActive=2026-08-31T15:06:47.360Z
2026-09-03 14:40:42.500: [INFO] LastUsedProfileDir: C:\Users\Usuario\source\repos\SAPCrystalReports\bin\Debug\SAPCrystalReports.exe.WebView2\EBWebView\Default
2026-09-03 14:40:42.500: [INFO] MostRecentlyActiveProfile: name=Perfil 1 path=C:\Users\Usuario\source\repos\SAPCrystalReports\bin\Debug\SAPCrystalReports.exe.WebView2\EBWebView\Default lastActive=2026-08-31T15:06:47.360Z
2026-09-03 14:40:42.500: [INFO] OnDoneLoading sync enabled: 0
2026-09-03 14:40:42.500: [INFO] BookmarkModelLoaded, ids_reassigned: 0
2026-09-03 14:40:42.500: [INFO] BookmarksLoadDropped droppedNodes=0
2026-09-03 14:40:42.500: [INFO] BookmarksSnapshot Startup total=0 bar=0 other=0 mobile=0 showBar=0 showBarNTP=1
2026-09-03 14:42:35.652: [INFO] BookmarksSnapshot Shutdown total=0 bar=0 other=0 mobile=0 showBar=0 showBarNTP=1
2026-09-03 14:43:57.408: [INFO] CurrentProfilePath: C:\Users\Usuario\source\repos\SAPCrystalReports\bin\Debug\SAPCrystalReports.exe.WebView2\EBWebView\Default
2026-09-03 14:43:57.408: [INFO] Profiles total count: 1
2026-09-03 14:43:57.408: [INFO] Profile: name=Perfil 1 path=C:\Users\Usuario\source\repos\SAPCrystalReports\bin\Debug\SAPCrystalReports.exe.WebView2\EBWebView\Default lastActive=2026-08-31T15:06:47.360Z
2026-09-03 14:43:57.408: [INFO] LastUsedProfileDir: C:\Users\Usuario\source\repos\SAPCrystalReports\bin\Debug\SAPCrystalReports.exe.WebView2\EBWebView\Default
2026-09-03 14:43:57.408: [INFO] MostRecentlyActiveProfile: name=Perfil 1 path=C:\Users\Usuario\source\repos\SAPCrystalReports\bin\Debug\SAPCrystalReports.exe.WebView2\EBWebView\Default lastActive=2026-08-31T15:06:47.360Z
2026-09-03 14:43:57.408: [INFO] OnDoneLoading sync enabled: 0
2026-09-03 14:43:57.408: [INFO] BookmarkModelLoaded, ids_reassigned: 0
2026-09-03 14:43:57.408: [INFO] BookmarksLoadDropped droppedNodes=0
2026-09-03 14:43:57.408: [INFO] BookmarksSnapshot Startup total=0 bar=0 other=0 mobile=0 showBar=0 showBarNTP=1
2026-09-03 14:45:07.750: [INFO] BookmarksSnapshot Shutdown total=0 bar=0 other=0 mobile=0 showBar=0 showBarNTP=1
2026-09-03 14:45:32.336: [INFO] CurrentProfilePath: C:\Users\Usuario\source\repos\SAPCrystalReports\bin\Debug\SAPCrystalReports.exe.WebView2\EBWebView\Default
2026-09-03 14:45:32.336: [INFO] Profiles total count: 1
2026-09-03 14:45:32.336: [INFO] Profile: name=Perfil 1 path=C:\Users\Usuario\source\repos\SAPCrystalReports\bin\Debug\SAPCrystalReports.exe.WebView2\EBWebView\Default lastActive=2026-08-31T15:06:47.360Z
2026-09-03 14:45:32.336: [INFO] LastUsedProfileDir: C:\Users\Usuario\source\repos\SAPCrystalReports\bin\Debug\SAPCrystalReports.exe.WebView2\EBWebView\Default
2026-09-03 14:45:32.336: [INFO] MostRecentlyActiveProfile: name=Perfil 1 path=C:\Users\Usuario\source\repos\SAPCrystalReports\bin\Debug\SAPCrystalReports.exe.WebView2\EBWebView\Default lastActive=2026-08-31T15:06:47.360Z
2026-09-03 14:45:32.336: [INFO] OnDoneLoading sync enabled: 0
2026-09-03 14:45:32.336: [INFO] BookmarkModelLoaded, ids_reassigned: 0
2026-09-03 14:45:32.336: [INFO] BookmarksLoadDropped droppedNodes=0
2026-09-03 14:45:32.336: [INFO] BookmarksSnapshot Startup total=0 bar=0 other=0 mobile=0 showBar=0 showBarNTP=1
2026-09-03 14:47:12.401: [INFO] BookmarksSnapshot Shutdown total=0 bar=0 other=0 mobile=0 showBar=0 showBarNTP=1
2026-09-03 14:47:32.260: [INFO] CurrentProfilePath: C:\Users\Usuario\source\repos\SAPCrystalReports\bin\Debug\SAPCrystalReports.exe.WebView2\EBWebView\Default
2026-09-03 14:47:32.260: [INFO] Profiles total count: 1
2026-09-03 14:47:32.260: [INFO] Profile: name=Perfil 1 path=C:\Users\Usuario\source\repos\SAPCrystalReports\bin\Debug\SAPCrystalReports.exe.WebView2\EBWebView\Default lastActive=2026-08-31T15:06:47.360Z
2026-09-03 14:47:32.260: [INFO] LastUsedProfileDir: C:\Users\Usuario\source\repos\SAPCrystalReports\bin\Debug\SAPCrystalReports.exe.WebView2\EBWebView\Default
2026-09-03 14:47:32.260: [INFO] MostRecentlyActiveProfile: name=Perfil 1 path=C:\Users\Usuario\source\repos\SAPCrystalReports\bin\Debug\SAPCrystalReports.exe.WebView2\EBWebView\Default lastActive=2026-08-31T15:06:47.360Z
2026-09-03 14:47:32.260: [INFO] OnDoneLoading sync enabled: 0
2026-09-03 14:47:32.260: [INFO] BookmarkModelLoaded, ids_reassigned: 0
2026-09-03 14:47:32.260: [INFO] BookmarksLoadDropped droppedNodes=0
2026-09-03 14:47:32.260: [INFO] BookmarksSnapshot Startup total=0 bar=0 other=0 mobile=0 showBar=0 showBarNTP=1
2026-09-03 14:48:10.471: [INFO] BookmarksSnapshot Shutdown total=0 bar=0 other=0 mobile=0 showBar=0 showBarNTP=1
2026-09-03 14:48:49.761: [INFO] CurrentProfilePath: C:\Users\Usuario\source\repos\SAPCrystalReports\bin\Debug\SAPCrystalReports.exe.WebView2\EBWebView\Default
2026-09-03 14:48:49.761: [INFO] Profiles total count: 1
2026-09-03 14:48:49.761: [INFO] Profile: name=Perfil 1 path=C:\Users\Usuario\source\repos\SAPCrystalReports\bin\Debug\SAPCrystalReports.exe.WebView2\EBWebView\Default lastActive=2026-08-31T15:06:47.360Z
2026-09-03 14:48:49.761: [INFO] LastUsedProfileDir: C:\Users\Usuario\source\repos\SAPCrystalReports\bin\Debug\SAPCrystalReports.exe.WebView2\EBWebView\Default
2026-09-03 14:48:49.761: [INFO] MostRecentlyActiveProfile: name=Perfil 1 path=C:\Users\Usuario\source\repos\SAPCrystalReports\bin\Debug\SAPCrystalReports.exe.WebView2\EBWebView\Default lastActive=2026-08-31T15:06:47.360Z
2026-09-03 14:48:49.761: [INFO] OnDoneLoading sync enabled: 0
2026-09-03 14:48:49.761: [INFO] BookmarkModelLoaded, ids_reassigned: 0
2026-09-03 14:48:49.761: [INFO] BookmarksLoadDropped droppedNodes=0
2026-09-03 14:48:49.761: [INFO] BookmarksSnapshot Startup total=0 bar=0 other=0 mobile=0 showBar=0 showBarNTP=1
2026-09-03 14:50:14.244: [INFO] BookmarksSnapshot Shutdown total=0 bar=0 other=0 mobile=0 showBar=0 showBarNTP=1
2026-09-03 14:57:37.320: [INFO] CurrentProfilePath: C:\Users\Usuario\source\repos\SAPCrystalReports\bin\Debug\SAPCrystalReports.exe.WebView2\EBWebView\Default
2026-09-03 14:57:37.320: [INFO] Profiles total count: 1
2026-09-03 14:57:37.320: [INFO] Profile: name=Perfil 1 path=C:\Users\Usuario\source\repos\SAPCrystalReports\bin\Debug\SAPCrystalReports.exe.WebView2\EBWebView\Default lastActive=2026-08-31T15:06:47.360Z
2026-09-03 14:57:37.320: [INFO] LastUsedProfileDir: C:\Users\Usuario\source\repos\SAPCrystalReports\bin\Debug\SAPCrystalReports.exe.WebView2\EBWebView\Default
2026-09-03 14:57:37.320: [INFO] MostRecentlyActiveProfile: name=Perfil 1 path=C:\Users\Usuario\source\repos\SAPCrystalReports\bin\Debug\SAPCrystalReports.exe.WebView2\EBWebView\Default lastActive=2026-08-31T15:06:47.360Z
2026-09-03 14:57:37.320: [INFO] OnDoneLoading sync enabled: 0
2026-09-03 14:57:37.320: [INFO] BookmarkModelLoaded, ids_reassigned: 0
2026-09-03 14:57:37.320: [INFO] BookmarksLoadDropped droppedNodes=0
2026-09-03 14:57:37.320: [INFO] BookmarksSnapshot Startup total=0 bar=0 other=0 mobile=0 showBar=0 showBarNTP=1
2026-09-03 15:00:49.449: [INFO] BookmarksSnapshot Shutdown total=0 bar=0 other=0 mobile=0 showBar=0 showBarNTP=1
2026-09-03 15:06:45.637: [INFO] CurrentProfilePath: C:\Users\Usuario\source\repos\SAPCrystalReports\bin\Debug\SAPCrystalReports.exe.WebView2\EBWebView\Default
2026-09-03 15:06:45.637: [INFO] Profiles total count: 1
2026-09-03 15:06:45.637: [INFO] Profile: name=Perfil 1 path=C:\Users\Usuario\source\repos\SAPCrystalReports\bin\Debug\SAPCrystalReports.exe.WebView2\EBWebView\Default lastActive=2026-08-31T15:06:47.360Z
2026-09-03 15:06:45.637: [INFO] LastUsedProfileDir: C:\Users\Usuario\source\repos\SAPCrystalReports\bin\Debug\SAPCrystalReports.exe.WebView2\EBWebView\Default
2026-09-03 15:06:45.637: [INFO] MostRecentlyActiveProfile: name=Perfil 1 path=C:\Users\Usuario\source\repos\SAPCrystalReports\bin\Debug\SAPCrystalReports.exe.WebView2\EBWebView\Default lastActive=2026-08-31T15:06:47.360Z
2026-09-03 15:06:45.637: [INFO] OnDoneLoading sync enabled: 0
2026-09-03 15:06:45.637: [INFO] BookmarkModelLoaded, ids_reassigned: 0
2026-09-03 15:06:45.637: [INFO] BookmarksLoadDropped droppedNodes=0
2026-09-03 15:06:45.637: [INFO] BookmarksSnapshot Startup total=0 bar=0 other=0 mobile=0 showBar=0 showBarNTP=1
2026-09-03 15:11:23.998: [INFO] BookmarksSnapshot Shutdown total=0 bar=0 other=0 mobile=0 showBar=0 showBarNTP=1
2026-09-03 15:13:05.242: [INFO] CurrentProfilePath: C:\Users\Usuario\source\repos\SAPCrystalReports\bin\Debug\SAPCrystalReports.exe.WebView2\EBWebView\Default
2026-09-03 15:13:05.242: [INFO] Profiles total count: 1
2026-09-03 15:13:05.242: [INFO] Profile: name=Perfil 1 path=C:\Users\Usuario\source\repos\SAPCrystalReports\bin\Debug\SAPCrystalReports.exe.WebView2\EBWebView\Default lastActive=2026-08-31T15:06:47.360Z
2026-09-03 15:13:05.242: [INFO] LastUsedProfileDir: C:\Users\Usuario\source\repos\SAPCrystalReports\bin\Debug\SAPCrystalReports.exe.WebView2\EBWebView\Default
2026-09-03 15:13:05.242: [INFO] MostRecentlyActiveProfile: name=Perfil 1 path=C:\Users\Usuario\source\repos\SAPCrystalReports\bin\Debug\SAPCrystalReports.exe.WebView2\EBWebView\Default lastActive=2026-08-31T15:06:47.360Z
2026-09-03 15:13:05.242: [INFO] OnDoneLoading sync enabled: 0
2026-09-03 15:13:05.242: [INFO] BookmarkModelLoaded, ids_reassigned: 0
2026-09-03 15:13:05.242: [INFO] BookmarksLoadDropped droppedNodes=0
2026-09-03 15:13:05.242: [INFO] BookmarksSnapshot Startup total=0 bar=0 other=0 mobile=0 showBar=0 showBarNTP=1
2026-09-03 15:16:34.417: [INFO] BookmarksSnapshot Shutdown total=0 bar=0 other=0 mobile=0 showBar=0 showBarNTP=1
2026-09-03 16:26:57.393: [INFO] CurrentProfilePath: C:\Users\Usuario\source\repos\SAPCrystalReports\bin\Debug\SAPCrystalReports.exe.WebView2\EBWebView\Default
2026-09-03 16:26:57.393: [INFO] Profiles total count: 1
2026-09-03 16:26:57.393: [INFO] Profile: name=Perfil 1 path=C:\Users\Usuario\source\repos\SAPCrystalReports\bin\Debug\SAPCrystalReports.exe.WebView2\EBWebView\Default lastActive=2026-08-31T15:06:47.360Z
2026-09-03 16:26:57.393: [INFO] LastUsedProfileDir: C:\Users\Usuario\source\repos\SAPCrystalReports\bin\Debug\SAPCrystalReports.exe.WebView2\EBWebView\Default
2026-09-03 16:26:57.393: [INFO] MostRecentlyActiveProfile: name=Perfil 1 path=C:\Users\Usuario\source\repos\SAPCrystalReports\bin\Debug\SAPCrystalReports.exe.WebView2\EBWebView\Default lastActive=2026-08-31T15:06:47.360Z
2026-09-03 16:26:57.393: [INFO] OnDoneLoading sync enabled: 0
2026-09-03 16:26:57.393: [INFO] BookmarkModelLoaded, ids_reassigned: 0
2026-09-03 16:26:57.393: [INFO] BookmarksLoadDropped droppedNodes=0
2026-09-03 16:26:57.393: [INFO] BookmarksSnapshot Startup total=0 bar=0 other=0 mobile=0 showBar=0 showBarNTP=1
2026-09-03 16:27:20.768: [INFO] BookmarksSnapshot Shutdown total=0 bar=0 other=0 mobile=0 showBar=0 showBarNTP=1
2026-09-03 16:29:53.213: [INFO] CurrentProfilePath: C:\Users\Usuario\source\repos\SAPCrystalReports\bin\Debug\SAPCrystalReports.exe.WebView2\EBWebView\Default
2026-09-03 16:29:53.213: [INFO] Profiles total count: 1
2026-09-03 16:29:53.213: [INFO] Profile: name=Perfil 1 path=C:\Users\Usuario\source\repos\SAPCrystalReports\bin\Debug\SAPCrystalReports.exe.WebView2\EBWebView\Default lastActive=2026-08-31T15:06:47.360Z
2026-09-03 16:29:53.213: [INFO] LastUsedProfileDir: C:\Users\Usuario\source\repos\SAPCrystalReports\bin\Debug\SAPCrystalReports.exe.WebView2\EBWebView\Default
2026-09-03 16:29:53.213: [INFO] MostRecentlyActiveProfile: name=Perfil 1 path=C:\Users\Usuario\source\repos\SAPCrystalReports\bin\Debug\SAPCrystalReports.exe.WebView2\EBWebView\Default lastActive=2026-08-31T15:06:47.360Z
2026-09-03 16:29:53.213: [INFO] OnDoneLoading sync enabled: 0
2026-09-03 16:29:53.213: [INFO] BookmarkModelLoaded, ids_reassigned: 0
2026-09-03 16:29:53.213: [INFO] BookmarksLoadDropped droppedNodes=0
2026-09-03 16:29:53.213: [INFO] BookmarksSnapshot Startup total=0 bar=0 other=0 mobile=0 showBar=0 showBarNTP=1
2026-09-03 16:30:13.304: [INFO] BookmarksSnapshot Shutdown total=0 bar=0 other=0 mobile=0 showBar=0 showBarNTP=1
2026-09-03 16:30:38.515: [INFO] CurrentProfilePath: C:\Users\Usuario\source\repos\SAPCrystalReports\bin\Debug\SAPCrystalReports.exe.WebView2\EBWebView\Default
2026-09-03 16:30:38.515: [INFO] Profiles total count: 1
2026-09-03 16:30:38.515: [INFO] Profile: name=Perfil 1 path=C:\Users\Usuario\source\repos\SAPCrystalReports\bin\Debug\SAPCrystalReports.exe.WebView2\EBWebView\Default lastActive=2026-08-31T15:06:47.360Z
2026-09-03 16:30:38.515: [INFO] LastUsedProfileDir: C:\Users\Usuario\source\repos\SAPCrystalReports\bin\Debug\SAPCrystalReports.exe.WebView2\EBWebView\Default
2026-09-03 16:30:38.515: [INFO] MostRecentlyActiveProfile: name=Perfil 1 path=C:\Users\Usuario\source\repos\SAPCrystalReports\bin\Debug\SAPCrystalReports.exe.WebView2\EBWebView\Default lastActive=2026-08-31T15:06:47.360Z
2026-09-03 16:30:38.515: [INFO] OnDoneLoading sync enabled: 0
2026-09-03 16:30:38.515: [INFO] BookmarkModelLoaded, ids_reassigned: 0
2026-09-03 16:30:38.515: [INFO] BookmarksLoadDropped droppedNodes=0
2026-09-03 16:30:38.516: [INFO] BookmarksSnapshot Startup total=0 bar=0 other=0 mobile=0 showBar=0 showBarNTP=1
2026-09-03 16:30:51.955: [INFO] BookmarksSnapshot Shutdown total=0 bar=0 other=0 mobile=0 showBar=0 showBarNTP=1
2026-09-03 16:36:17.285: [INFO] CurrentProfilePath: C:\Users\Usuario\source\repos\SAPCrystalReports\bin\Debug\SAPCrystalReports.exe.WebView2\EBWebView\Default
2026-09-03 16:36:17.285: [INFO] Profiles total count: 1
2026-09-03 16:36:17.285: [INFO] Profile: name=Perfil 1 path=C:\Users\Usuario\source\repos\SAPCrystalReports\bin\Debug\SAPCrystalReports.exe.WebView2\EBWebView\Default lastActive=2026-08-31T15:06:47.360Z
2026-09-03 16:36:17.285: [INFO] LastUsedProfileDir: C:\Users\Usuario\source\repos\SAPCrystalReports\bin\Debug\SAPCrystalReports.exe.WebView2\EBWebView\Default
2026-09-03 16:36:17.285: [INFO] MostRecentlyActiveProfile: name=Perfil 1 path=C:\Users\Usuario\source\repos\SAPCrystalReports\bin\Debug\SAPCrystalReports.exe.WebView2\EBWebView\Default lastActive=2026-08-31T15:06:47.360Z
2026-09-03 16:36:17.285: [INFO] OnDoneLoading sync enabled: 0
2026-09-03 16:36:17.285: [INFO] BookmarkModelLoaded, ids_reassigned: 0
2026-09-03 16:36:17.285: [INFO] BookmarksLoadDropped droppedNodes=0
2026-09-03 16:36:17.285: [INFO] BookmarksSnapshot Startup total=0 bar=0 other=0 mobile=0 showBar=0 showBarNTP=1
2026-09-03 16:37:02.369: [INFO] BookmarksSnapshot Shutdown total=0 bar=0 other=0 mobile=0 showBar=0 showBarNTP=1
2026-09-03 16:46:16.033: [INFO] CurrentProfilePath: C:\Users\Usuario\source\repos\SAPCrystalReports\bin\Debug\SAPCrystalReports.exe.WebView2\EBWebView\Default
2026-09-03 16:46:16.033: [INFO] Profiles total count: 1
2026-09-03 16:46:16.034: [INFO] Profile: name=Perfil 1 path=C:\Users\Usuario\source\repos\SAPCrystalReports\bin\Debug\SAPCrystalReports.exe.WebView2\EBWebView\Default lastActive=2026-08-31T15:06:47.360Z
2026-09-03 16:46:16.034: [INFO] LastUsedProfileDir: C:\Users\Usuario\source\repos\SAPCrystalReports\bin\Debug\SAPCrystalReports.exe.WebView2\EBWebView\Default
2026-09-03 16:46:16.034: [INFO] MostRecentlyActiveProfile: name=Perfil 1 path=C:\Users\Usuario\source\repos\SAPCrystalReports\bin\Debug\SAPCrystalReports.exe.WebView2\EBWebView\Default lastActive=2026-08-31T15:06:47.360Z
2026-09-03 16:46:16.034: [INFO] OnDoneLoading sync enabled: 0
2026-09-03 16:46:16.034: [INFO] BookmarkModelLoaded, ids_reassigned: 0
2026-09-03 16:46:16.034: [INFO] BookmarksLoadDropped droppedNodes=0
2026-09-03 16:46:16.034: [INFO] BookmarksSnapshot Startup total=0 bar=0 other=0 mobile=0 showBar=0 showBarNTP=1
2026-09-03 16:47:10.527: [INFO] BookmarksSnapshot Shutdown total=0 bar=0 other=0 mobile=0 showBar=0 showBarNTP=1
2026-09-03 16:48:38.673: [INFO] CurrentProfilePath: C:\Users\Usuario\source\repos\SAPCrystalReports\bin\Debug\SAPCrystalReports.exe.WebView2\EBWebView\Default
2026-09-03 16:48:38.673: [INFO] Profiles total count: 1
2026-09-03 16:48:38.673: [INFO] Profile: name=Perfil 1 path=C:\Users\Usuario\source\repos\SAPCrystalReports\bin\Debug\SAPCrystalReports.exe.WebView2\EBWebView\Default lastActive=2026-08-31T15:06:47.360Z
2026-09-03 16:48:38.673: [INFO] LastUsedProfileDir: C:\Users\Usuario\source\repos\SAPCrystalReports\bin\Debug\SAPCrystalReports.exe.WebView2\EBWebView\Default
2026-09-03 16:48:38.673: [INFO] MostRecentlyActiveProfile: name=Perfil 1 path=C:\Users\Usuario\source\repos\SAPCrystalReports\bin\Debug\SAPCrystalReports.exe.WebView2\EBWebView\Default lastActive=2026-08-31T15:06:47.360Z
2026-09-03 16:48:38.673: [INFO] OnDoneLoading sync enabled: 0
2026-09-03 16:48:38.673: [INFO] BookmarkModelLoaded, ids_reassigned: 0
2026-09-03 16:48:38.673: [INFO] BookmarksLoadDropped droppedNodes=0
2026-09-03 16:48:38.673: [INFO] BookmarksSnapshot Startup total=0 bar=0 other=0 mobile=0 showBar=0 showBarNTP=1
2026-09-03 16:50:22.058: [INFO] BookmarksSnapshot Shutdown total=0 bar=0 other=0 mobile=0 showBar=0 showBarNTP=1
2026-09-03 17:00:38.380: [INFO] CurrentProfilePath: C:\Users\Usuario\source\repos\SAPCrystalReports\bin\Debug\SAPCrystalReports.exe.WebView2\EBWebView\Default
2026-09-03 17:00:38.380: [INFO] Profiles total count: 1
2026-09-03 17:00:38.380: [INFO] Profile: name=Perfil 1 path=C:\Users\Usuario\source\repos\SAPCrystalReports\bin\Debug\SAPCrystalReports.exe.WebView2\EBWebView\Default lastActive=2026-08-31T15:06:47.360Z
2026-09-03 17:00:38.380: [INFO] LastUsedProfileDir: C:\Users\Usuario\source\repos\SAPCrystalReports\bin\Debug\SAPCrystalReports.exe.WebView2\EBWebView\Default
2026-09-03 17:00:38.380: [INFO] MostRecentlyActiveProfile: name=Perfil 1 path=C:\Users\Usuario\source\repos\SAPCrystalReports\bin\Debug\SAPCrystalReports.exe.WebView2\EBWebView\Default lastActive=2026-08-31T15:06:47.360Z
2026-09-03 17:00:38.380: [INFO] OnDoneLoading sync enabled: 0
2026-09-03 17:00:38.380: [INFO] BookmarkModelLoaded, ids_reassigned: 0
2026-09-03 17:00:38.380: [INFO] BookmarksLoadDropped droppedNodes=0
2026-09-03 17:00:38.380: [INFO] BookmarksSnapshot Startup total=0 bar=0 other=0 mobile=0 showBar=0 showBarNTP=1
2026-09-03 17:02:58.102: [INFO] BookmarksSnapshot Shutdown total=0 bar=0 other=0 mobile=0 showBar=0 showBarNTP=1
2026-09-03 17:04:42.680: [INFO] CurrentProfilePath: C:\Users\Usuario\source\repos\SAPCrystalReports\bin\Debug\SAPCrystalReports.exe.WebView2\EBWebView\Default
2026-09-03 17:04:42.680: [INFO] Profiles total count: 1
2026-09-03 17:04:42.680: [INFO] Profile: name=Perfil 1 path=C:\Users\Usuario\source\repos\SAPCrystalReports\bin\Debug\SAPCrystalReports.exe.WebView2\EBWebView\Default lastActive=2026-08-31T15:06:47.360Z
2026-09-03 17:04:42.680: [INFO] LastUsedProfileDir: C:\Users\Usuario\source\repos\SAPCrystalReports\bin\Debug\SAPCrystalReports.exe.WebView2\EBWebView\Default
2026-09-03 17:04:42.680: [INFO] MostRecentlyActiveProfile: name=Perfil 1 path=C:\Users\Usuario\source\repos\SAPCrystalReports\bin\Debug\SAPCrystalReports.exe.WebView2\EBWebView\Default lastActive=2026-08-31T15:06:47.360Z
2026-09-03 17:04:42.680: [INFO] OnDoneLoading sync enabled: 0
2026-09-03 17:04:42.680: [INFO] BookmarkModelLoaded, ids_reassigned: 0
2026-09-03 17:04:42.680: [INFO] BookmarksLoadDropped droppedNodes=0
2026-09-03 17:04:42.680: [INFO] BookmarksSnapshot Startup total=0 bar=0 other=0 mobile=0 showBar=0 showBarNTP=1
2026-09-03 17:05:30.374: [INFO] BookmarksSnapshot Shutdown total=0 bar=0 other=0 mobile=0 showBar=0 showBarNTP=1
2026-09-03 18:28:10.597: [INFO] CurrentProfilePath: C:\Users\Usuario\source\repos\SAPCrystalReports\bin\Debug\SAPCrystalReports.exe.WebView2\EBWebView\Default
2026-09-03 18:28:10.597: [INFO] Profiles total count: 1
2026-09-03 18:28:10.597: [INFO] Profile: name=Perfil 1 path=C:\Users\Usuario\source\repos\SAPCrystalReports\bin\Debug\SAPCrystalReports.exe.WebView2\EBWebView\Default lastActive=2026-08-31T15:06:47.360Z
2026-09-03 18:28:10.597: [INFO] LastUsedProfileDir: C:\Users\Usuario\source\repos\SAPCrystalReports\bin\Debug\SAPCrystalReports.exe.WebView2\EBWebView\Default
2026-09-03 18:28:10.597: [INFO] MostRecentlyActiveProfile: name=Perfil 1 path=C:\Users\Usuario\source\repos\SAPCrystalReports\bin\Debug\SAPCrystalReports.exe.WebView2\EBWebView\Default lastActive=2026-08-31T15:06:47.360Z
2026-09-03 18:28:10.597: [INFO] OnDoneLoading sync enabled: 0
2026-09-03 18:28:10.597: [INFO] BookmarkModelLoaded, ids_reassigned: 0
2026-09-03 18:28:10.597: [INFO] BookmarksLoadDropped droppedNodes=0
2026-09-03 18:28:10.597: [INFO] BookmarksSnapshot Startup total=0 bar=0 other=0 mobile=0 showBar=0 showBarNTP=1
2026-09-03 18:32:08.961: [INFO] BookmarksSnapshot Shutdown total=0 bar=0 other=0 mobile=0 showBar=0 showBarNTP=1
2026-09-04 18:02:23.025: [INFO] CurrentProfilePath: C:\Users\Usuario\source\repos\SAPCrystalReports\bin\Debug\SAPCrystalReports.exe.WebView2\EBWebView\Default
2026-09-04 18:02:23.025: [INFO] Profiles total count: 1
2026-09-04 18:02:23.025: [INFO] Profile: name=Perfil 1 path=C:\Users\Usuario\source\repos\SAPCrystalReports\bin\Debug\SAPCrystalReports.exe.WebView2\EBWebView\Default lastActive=2026-08-31T15:06:47.360Z
2026-09-04 18:02:23.025: [INFO] LastUsedProfileDir: C:\Users\Usuario\source\repos\SAPCrystalReports\bin\Debug\SAPCrystalReports.exe.WebView2\EBWebView\Default
2026-09-04 18:02:23.025: [INFO] MostRecentlyActiveProfile: name=Perfil 1 path=C:\Users\Usuario\source\repos\SAPCrystalReports\bin\Debug\SAPCrystalReports.exe.WebView2\EBWebView\Default lastActive=2026-08-31T15:06:47.360Z
2026-09-04 18:02:23.025: [INFO] OnDoneLoading sync enabled: 0
2026-09-04 18:02:23.025: [INFO] BookmarkModelLoaded, ids_reassigned: 0
2026-09-04 18:02:23.025: [INFO] BookmarksLoadDropped droppedNodes=0
2026-09-04 18:02:23.025: [INFO] BookmarksSnapshot Startup total=0 bar=0 other=0 mobile=0 showBar=0 showBarNTP=1
2026-09-04 18:02:58.208: [INFO] BookmarksSnapshot Shutdown total=0 bar=0 other=0 mobile=0 showBar=0 showBarNTP=1
2026-09-04 18:05:39.461: [INFO] CurrentProfilePath: C:\Users\Usuario\source\repos\SAPCrystalReports\bin\Debug\SAPCrystalReports.exe.WebView2\EBWebView\Default
2026-09-04 18:05:39.461: [INFO] Profiles total count: 1
2026-09-04 18:05:39.461: [INFO] Profile: name=Perfil 1 path=C:\Users\Usuario\source\repos\SAPCrystalReports\bin\Debug\SAPCrystalReports.exe.WebView2\EBWebView\Default lastActive=2026-08-31T15:06:47.360Z
2026-09-04 18:05:39.461: [INFO] LastUsedProfileDir: C:\Users\Usuario\source\repos\SAPCrystalReports\bin\Debug\SAPCrystalReports.exe.WebView2\EBWebView\Default
2026-09-04 18:05:39.461: [INFO] MostRecentlyActiveProfile: name=Perfil 1 path=C:\Users\Usuario\source\repos\SAPCrystalReports\bin\Debug\SAPCrystalReports.exe.WebView2\EBWebView\Default lastActive=2026-08-31T15:06:47.360Z
2026-09-04 18:05:39.461: [INFO] OnDoneLoading sync enabled: 0
2026-09-04 18:05:39.461: [INFO] BookmarkModelLoaded, ids_reassigned: 0
2026-09-04 18:05:39.461: [INFO] BookmarksLoadDropped droppedNodes=0
2026-09-04 18:05:39.462: [INFO] BookmarksSnapshot Startup total=0 bar=0 other=0 mobile=0 showBar=0 showBarNTP=1
2026-09-04 18:06:18.222: [INFO] BookmarksSnapshot Shutdown total=0 bar=0 other=0 mobile=0 showBar=0 showBarNTP=1
2026-09-04 18:07:37.417: [INFO] CurrentProfilePath: C:\Users\Usuario\source\repos\SAPCrystalReports\bin\Debug\SAPCrystalReports.exe.WebView2\EBWebView\Default
2026-09-04 18:07:37.417: [INFO] Profiles total count: 1
2026-09-04 18:07:37.417: [INFO] Profile: name=Perfil 1 path=C:\Users\Usuario\source\repos\SAPCrystalReports\bin\Debug\SAPCrystalReports.exe.WebView2\EBWebView\Default lastActive=2026-08-31T15:06:47.360Z
2026-09-04 18:07:37.417: [INFO] LastUsedProfileDir: C:\Users\Usuario\source\repos\SAPCrystalReports\bin\Debug\SAPCrystalReports.exe.WebView2\EBWebView\Default
2026-09-04 18:07:37.417: [INFO] MostRecentlyActiveProfile: name=Perfil 1 path=C:\Users\Usuario\source\repos\SAPCrystalReports\bin\Debug\SAPCrystalReports.exe.WebView2\EBWebView\Default lastActive=2026-08-31T15:06:47.360Z
2026-09-04 18:07:37.417: [INFO] OnDoneLoading sync enabled: 0
2026-09-04 18:07:37.417: [INFO] BookmarkModelLoaded, ids_reassigned: 0
2026-09-04 18:07:37.417: [INFO] BookmarksLoadDropped droppedNodes=0
2026-09-04 18:07:37.417: [INFO] BookmarksSnapshot Startup total=0 bar=0 other=0 mobile=0 showBar=0 showBarNTP=1
2026-09-04 18:10:52.932: [INFO] BookmarksSnapshot Shutdown total=0 bar=0 other=0 mobile=0 showBar=0 showBarNTP=1
2026-09-04 18:12:04.940: [INFO] CurrentProfilePath: C:\Users\Usuario\source\repos\SAPCrystalReports\bin\Debug\SAPCrystalReports.exe.WebView2\EBWebView\Default
2026-09-04 18:12:04.940: [INFO] Profiles total count: 1
2026-09-04 18:12:04.940: [INFO] Profile: name=Perfil 1 path=C:\Users\Usuario\source\repos\SAPCrystalReports\bin\Debug\SAPCrystalReports.exe.WebView2\EBWebView\Default lastActive=2026-08-31T15:06:47.360Z
2026-09-04 18:12:04.940: [INFO] LastUsedProfileDir: C:\Users\Usuario\source\repos\SAPCrystalReports\bin\Debug\SAPCrystalReports.exe.WebView2\EBWebView\Default
2026-09-04 18:12:04.940: [INFO] MostRecentlyActiveProfile: name=Perfil 1 path=C:\Users\Usuario\source\repos\SAPCrystalReports\bin\Debug\SAPCrystalReports.exe.WebView2\EBWebView\Default lastActive=2026-08-31T15:06:47.360Z
2026-09-04 18:12:04.940: [INFO] OnDoneLoading sync enabled: 0
2026-09-04 18:12:04.940: [INFO] BookmarkModelLoaded, ids_reassigned: 0
2026-09-04 18:12:04.940: [INFO] BookmarksLoadDropped droppedNodes=0
2026-09-04 18:12:04.940: [INFO] BookmarksSnapshot Startup total=0 bar=0 other=0 mobile=0 showBar=0 showBarNTP=1
2026-09-04 18:15:41.469: [INFO] BookmarksSnapshot Shutdown total=0 bar=0 other=0 mobile=0 showBar=0 showBarNTP=1
2026-09-11 15:16:08.333: [INFO] CurrentProfilePath: C:\Users\Usuario\source\repos\SAPCrystalReports\bin\Debug\SAPCrystalReports.exe.WebView2\EBWebView\Default
2026-09-11 15:16:08.333: [INFO] Profiles total count: 1
2026-09-11 15:16:08.333: [INFO] Profile: name=Perfil 1 path=C:\Users\Usuario\source\repos\SAPCrystalReports\bin\Debug\SAPCrystalReports.exe.WebView2\EBWebView\Default lastActive=2026-08-31T15:06:47.360Z
2026-09-11 15:16:08.333: [INFO] LastUsedProfileDir: C:\Users\Usuario\source\repos\SAPCrystalReports\bin\Debug\SAPCrystalReports.exe.WebView2\EBWebView\Default
2026-09-11 15:16:08.333: [INFO] MostRecentlyActiveProfile: name=Perfil 1 path=C:\Users\Usuario\source\repos\SAPCrystalReports\bin\Debug\SAPCrystalReports.exe.WebView2\EBWebView\Default lastActive=2026-08-31T15:06:47.360Z
2026-09-11 15:16:08.333: [INFO] OnDoneLoading sync enabled: 0
2026-09-11 15:16:08.333: [INFO] BookmarkModelLoaded, ids_reassigned: 0
2026-09-11 15:16:08.333: [INFO] BookmarksLoadDropped droppedNodes=0
2026-09-11 15:16:08.333: [INFO] BookmarksSnapshot Startup total=0 bar=0 other=0 mobile=0 showBar=0 showBarNTP=1
2026-09-11 15:16:52.320: [INFO] BookmarksSnapshot Shutdown total=0 bar=0 other=0 mobile=0 showBar=0 showBarNTP=1
2026-09-24 14:41:38.584: [INFO] CurrentProfilePath: C:\Users\Usuario\source\repos\SAPCrystalReports\bin\Debug\SAPCrystalReports.exe.WebView2\EBWebView\Default
2026-09-24 14:41:38.584: [INFO] Profiles total count: 1
2026-09-24 14:41:38.585: [INFO] Profile: name=Perfil 1 path=C:\Users\Usuario\source\repos\SAPCrystalReports\bin\Debug\SAPCrystalReports.exe.WebView2\EBWebView\Default lastActive=2026-08-31T15:06:47.360Z
2026-09-24 14:41:38.585: [INFO] LastUsedProfileDir: C:\Users\Usuario\source\repos\SAPCrystalReports\bin\Debug\SAPCrystalReports.exe.WebView2\EBWebView\Default
2026-09-24 14:41:38.585: [INFO] MostRecentlyActiveProfile: name=Perfil 1 path=C:\Users\Usuario\source\repos\SAPCrystalReports\bin\Debug\SAPCrystalReports.exe.WebView2\EBWebView\Default lastActive=2026-08-31T15:06:47.360Z
2026-09-24 14:41:38.585: [INFO] OnDoneLoading sync enabled: 0
2026-09-24 14:41:38.585: [INFO] BookmarkModelLoaded, ids_reassigned: 0
2026-09-24 14:41:38.585: [INFO] BookmarksLoadDropped droppedNodes=0
2026-09-24 14:41:38.585: [INFO] BookmarksSnapshot Startup total=0 bar=0 other=0 mobile=0 showBar=0 showBarNTP=1
2026-09-24 14:44:44.176: [INFO] BookmarksSnapshot Shutdown total=0 bar=0 other=0 mobile=0 showBar=0 showBarNTP=1
2026-09-24 14:46:49.446: [INFO] CurrentProfilePath: C:\Users\Usuario\source\repos\SAPCrystalReports\bin\Debug\SAPCrystalReports.exe.WebView2\EBWebView\Default
2026-09-24 14:46:49.446: [INFO] Profiles total count: 1
2026-09-24 14:46:49.446: [INFO] Profile: name=Perfil 1 path=C:\Users\Usuario\source\repos\SAPCrystalReports\bin\Debug\SAPCrystalReports.exe.WebView2\EBWebView\Default lastActive=2026-08-31T15:06:47.360Z
2026-09-24 14:46:49.446: [INFO] LastUsedProfileDir: C:\Users\Usuario\source\repos\SAPCrystalReports\bin\Debug\SAPCrystalReports.exe.WebView2\EBWebView\Default
2026-09-24 14:46:49.446: [INFO] MostRecentlyActiveProfile: name=Perfil 1 path=C:\Users\Usuario\source\repos\SAPCrystalReports\bin\Debug\SAPCrystalReports.exe.WebView2\EBWebView\Default lastActive=2026-08-31T15:06:47.360Z
2026-09-24 14:46:49.446: [INFO] OnDoneLoading sync enabled: 0
2026-09-24 14:46:49.446: [INFO] BookmarkModelLoaded, ids_reassigned: 0
2026-09-24 14:46:49.446: [INFO] BookmarksLoadDropped droppedNodes=0
2026-09-24 14:46:49.446: [INFO] BookmarksSnapshot Startup total=0 bar=0 other=0 mobile=0 showBar=0 showBarNTP=1
2026-09-24 14:47:52.699: [INFO] BookmarksSnapshot Shutdown total=0 bar=0 other=0 mobile=0 showBar=0 showBarNTP=1
